"index","x.Chi.P.0","x.Chi.P.1","x.Chi.P.2","x.Chi.P.3","x.Chi.P.4","x.Chi.P.5","x.Chi.C.3","x.Chi.PC.4","x.Kappa.1","x.Kappa.2","x.Kappa.3","x.Kappa.4","x.Estate.1","x.Estate.2","x.Estate.3","x.MEDV.11","x.MEDV.12","x.MEDV.13","x.MEDV.22","x.MEDV.23","x.MEDV.33","y"
"1",-15.918,-11.025,-7.9961,-5.9451,0.014388,-4.0981,-2.8149,-0.60545,-3.161,-29.416,-1.1745,-22.237,-20.089,-18.216,-2.5122,1.263,-11.612,-2.1093,-61.938,-1.4785,-0.00060876,-2124.8
"2",-15.918,-10.987,-8.2301,-5.5827,-0.023425,-4.1305,-2.8378,-0.40133,-3.1356,-29.492,-1.1234,-22.237,-20.089,-20.359,-2.5122,0.1115,-9.0138,-0.29148,-64.008,-0.71028,-0.00060876,-2118.3
"3",-14.503,-10.025,-7.289,-5.4451,0.0031395,-3.7445,-2.5649,-0.60545,-3.1284,-26.447,-1.1755,-20.237,-18.109,-16.248,-2.3985,1.1942,-11.096,-2.1145,-55.487,-1.4988,-0.00060876,-1924.8
"4",-14.503,-9.9871,-7.523,-5.0827,-0.031378,-3.777,-2.5878,-0.40133,-3.1006,-26.527,-1.124,-20.237,-18.109,-18.359,-2.3985,0.012589,-8.4005,-0.29205,-57.643,-0.70272,-0.00060876,-1918.8
"5",-13.089,-9.0251,-6.5819,-4.9451,-0.0056027,-3.391,-2.3149,-0.60545,-3.1061,-23.469,-1.1765,-18.237,-16.123,-14.268,-2.2608,1.1586,-10.768,-2.1223,-48.781,-1.5122,-0.00060876,-1724.8
"6",-13.089,-8.9871,-6.8159,-4.5827,-0.03756,-3.4234,-2.3378,-0.40133,-3.0769,-23.549,-1.125,-18.237,-16.123,-16.359,-2.2608,-0.0384,-8.0235,-0.29566,-50.981,-0.70173,-0.00060876,-1718.3
"7",-11.675,-8.0251,-5.8748,-4.4451,-0.01265,-3.0374,-2.0649,-0.60545,-3.0899,-20.484,-1.1774,-16.237,-14.133,-12.282,-2.0991,1.1383,-10.543,-2.1297,-41.923,-1.5217,-0.00060876,-1524.8
"8",-11.675,-7.9871,-6.1088,-4.0827,-0.042543,-3.0699,-2.0878,-0.40133,-3.0599,-20.565,-1.126,-16.237,-14.133,-14.359,-2.0991,-0.067877,-7.7693,-0.29944,-44.149,-0.70262,-0.00060876,-1517.6
"9",-10.261,-7.0251,-5.1677,-3.9451,-0.018487,-2.6839,-1.8149,-0.60545,-3.0775,-17.495,-1.1782,-14.237,-12.141,-10.292,-1.9135,1.1259,-10.379,-2.1363,-34.966,-1.5288,-0.00060876,-1325.5
"10",-10.261,-6.9871,-5.4016,-3.5827,-0.04667,-2.7163,-1.8378,-0.40133,-3.047,-17.577,-1.1269,-14.237,-12.141,-12.359,-1.9135,-0.086319,-7.5865,-0.30281,-37.208,-0.70404,-0.00060876,-1317.3
"11",-8.8465,-6.0251,-4.4606,-3.4451,-0.023425,-2.3303,-1.5649,-0.60545,-3.0679,-14.504,-1.1789,-12.237,-10.147,-8.3002,-1.704,1.1179,-10.254,-2.1419,-27.939,-1.5343,-0.00060876,-1125.3
"12",-8.8465,-5.9871,-4.6945,-3.0827,-0.050162,-2.3628,-1.5878,-0.40133,-3.0369,-14.587,-1.1276,-12.237,-10.147,-10.359,-1.704,-0.098544,-7.449,-0.30571,-30.192,-0.70554,-0.00060876,-1117
"13",-8.8465,-5.9871,-4.6677,-3.2292,-0.050162,-2.2101,-1.5028,-0.48588,-2.9774,-14.668,-1.1054,-12.237,-10.147,-10.359,-1.704,-0.92101,-5.108,-0.099667,-32.436,-0.28562,-0.00060876,-1148.3
"14",-7.4323,-5.0251,-3.7535,-2.9451,-0.027673,-1.9768,-1.3149,-0.60545,-3.06,-11.512,-1.1794,-10.237,-8.1522,-6.3064,-1.4705,1.1126,-10.156,-2.1466,-20.86,-1.5388,-0.00060876,-925.34
"15",-7.4323,-4.9871,-3.9874,-2.5827,-0.053166,-2.0092,-1.3378,-0.40133,-3.0288,-11.594,-1.1282,-10.237,-8.1522,-8.359,-1.4705,-0.10701,-7.3417,-0.30819,-23.121,-0.70697,-0.00060876,-916.84
"16",-7.4323,-4.9871,-3.9606,-2.7292,-0.053166,-1.8565,-1.2528,-0.48588,-2.9644,-11.68,-1.1064,-10.237,-8.1522,-8.359,-1.4705,-0.95608,-4.8868,-0.10333,-25.452,-0.28319,-0.00060876,-950.34
"17",-6.0181,-4.0251,-3.0463,-2.4451,-0.031378,-1.6232,-1.0649,-0.60545,-3.0536,-8.5176,-1.1799,-8.2367,-6.1563,-4.3114,-1.213,1.109,-10.077,-2.1508,-13.742,-1.5424,-0.00060876,-727.34
"18",-6.0181,-3.9871,-3.2803,-2.0827,-0.055786,-1.6557,-1.0878,-0.40133,-3.0222,-8.6002,-1.1288,-8.2367,-6.1563,-6.359,-1.213,-0.11309,-7.2558,-0.31031,-16.009,-0.70828,-0.00060876,-716.84
"19",-6.0181,-3.9871,-3.2535,-2.2292,-0.055786,-1.503,-1.0028,-0.48588,-2.9536,-8.6901,-1.1074,-8.2367,-6.1563,-6.359,-1.213,-0.9828,-4.7076,-0.10687,-18.411,-0.28245,-0.00060876,-754.34
"20",-4.6039,-3.0251,-2.3392,-1.9451,-0.034648,-1.2697,-0.81486,-0.60545,-3.0482,-5.5226,-1.1804,-6.2367,-4.1598,-2.3155,-0.93156,1.1065,-10.012,-2.1544,-6.5925,-1.5454,-0.00060876,-528.34
"21",-4.6039,-2.9871,-2.5732,-1.5827,-0.058098,-1.3021,-0.8378,-0.40133,-3.0167,-5.6052,-1.1292,-6.2367,-4.1598,-4.359,-0.93156,-0.11757,-7.1854,-0.31214,-8.8649,-0.70945,-0.00060876,-516.94
"22",-4.6039,-2.9871,-2.5463,-1.7292,-0.058098,-1.1494,-0.75277,-0.48588,-2.9444,-5.6984,-1.1084,-6.2367,-4.1598,-4.359,-0.93156,-1.0036,-4.5595,-0.11018,-11.326,-0.28271,-0.00060876,-556.84
"23",-3.1897,-2.0251,-1.6321,-1.4451,-0.03756,-0.91611,-0.56486,-0.60545,-3.0437,-2.5267,-1.1808,-4.2367,-2.1628,-0.31901,-0.62618,1.1048,-9.9572,-2.1575,0.58166,-1.548,-0.00060876,-328.34
"24",-3.1897,-1.9871,-1.8661,-1.0827,-0.060157,-0.94855,-0.5878,-0.40133,-3.012,-2.6095,-1.1297,-4.2367,-2.1628,-2.359,-0.62618,-0.12096,-7.1267,-0.31373,-1.6945,-0.71051,-0.00060876,-316.94
"25",-3.1897,-1.9871,-1.8392,-1.2292,-0.060157,-0.79587,-0.50277,-0.48588,-2.9365,-2.7054,-1.1093,-4.2367,-2.1628,-2.359,-0.62618,-1.0202,-4.4352,-0.11325,-4.2044,-0.28355,-0.00060876,-358.34
"26",-1.7755,-1.0251,-0.92503,-0.94512,-0.040176,-0.56256,-0.31486,-0.60545,-3.0397,0.46966,-1.1811,-2.2367,-0.16532,1.678,-0.29684,1.1035,-9.9109,-2.1602,7.7764,-1.5502,-0.00060876,-129.14
"27",-1.7755,-0.98706,-1.159,-0.58275,-0.062007,-0.595,-0.3378,-0.40133,-3.0079,0.38679,-1.13,-2.2367,-0.16532,-0.35901,-0.29684,-0.12356,-7.077,-0.31512,5.4972,-0.71146,-0.00060876,-117.34
"28",-1.7755,-0.98706,-1.1321,-0.7292,-0.062007,-0.44232,-0.25277,-0.48588,-2.9296,0.28854,-1.1101,-2.2367,-0.16532,-0.35901,-0.29684,-1.0335,-4.3295,-0.11607,2.9455,-0.28473,-0.00060876,-159.84
"29",-0.36126,-0.025069,-0.21792,-0.44512,-0.042543,-0.20901,-0.064859,-0.60545,-3.0363,3.4665,-1.1814,-0.23671,1.8325,3.6755,0.056442,1.1026,-9.871,-2.1626,14.988,-1.5521,-0.00060876,70.165
"30",-0.36126,0.012936,-0.4519,-0.08275,-0.063681,-0.24144,-0.087797,-0.40133,-3.0044,3.3836,-1.1303,-0.23671,1.8325,1.641,0.056442,-0.1256,-7.0344,-0.31634,12.707,-0.71231,-0.00060876,82.765
"31",-0.36126,0.012936,-0.42503,-0.2482,-0.063681,0.014791,-0.11074,-0.48588,-2.9819,3.347,-1.1163,-0.23671,1.8325,1.641,0.056442,-0.5481,-5.9628,-0.16113,11.557,-0.46297,-0.00060876,66.165
"32",-0.36126,0.012936,-0.42503,-0.2292,-0.063681,-0.1022,0.070451,-0.48588,-2.9662,3.3266,-1.1116,-0.23671,1.8325,1.641,0.056442,-0.74499,-5.3771,-0.12618,11.031,-0.36907,-0.00060876,58.665
"33",-0.36126,0.012936,-0.42503,-0.2292,-0.063681,-0.088762,-0.012273,-0.48588,-2.9551,3.3138,-1.1099,-0.23671,1.8325,1.641,0.056442,-0.85231,-5.0198,-0.11604,10.732,-0.3282,-0.00060876,51.865
"34",-0.36126,0.012936,-0.42503,-0.2292,-0.063681,-0.088762,-0.0027721,-0.48588,-2.9468,3.3051,-1.1094,-0.23671,1.8325,1.641,0.056442,-0.9169,-4.785,-0.11332,10.543,-0.30844,-0.00060876,48.665
"35",-0.36126,0.012936,-0.42503,-0.2292,-0.063681,-0.088762,-0.0027721,-0.48588,-2.9255,3.2849,-1.1106,-0.23671,1.8325,1.641,0.056442,-1.0366,-4.2779,-0.11771,10.149,-0.28651,-0.00060876,39.465
"36",-0.36126,0.012936,-0.42503,-0.2292,-0.063681,-0.088762,-0.0027721,-0.48588,-2.9236,3.2833,-1.1109,-0.23671,1.8325,1.641,0.056442,-1.0445,-4.2384,-0.11867,10.119,-0.2861,-0.00060876,38.465
"37",1.053,0.97493,0.48919,0.054878,-0.044698,0.14455,0.18514,-0.60545,-3.0333,6.4638,-1.1817,1.7633,3.8305,5.6732,0.43368,1.102,-9.8364,-2.1648,22.215,-1.5537,-0.00060876,270.66
"38",1.053,1.0129,0.25521,0.41725,-0.065204,0.11211,0.1622,-0.40133,-3.0014,6.3808,-1.1306,1.7633,3.8305,3.641,0.43368,-0.12722,-6.9975,-0.31743,19.931,-0.71308,-0.00060876,283.16
"39",1.053,1.0129,0.28208,0.2518,-0.065204,0.36834,0.13926,-0.48588,-2.9787,6.3442,-1.1166,1.7633,3.8305,3.641,0.43368,-0.55018,-5.9242,-0.16215,18.78,-0.46376,-0.00060876,266.16
"40",1.053,1.0129,0.28208,0.2708,-0.065204,0.25135,0.32045,-0.48588,-2.963,6.3237,-1.1119,1.7633,3.8305,3.641,0.43368,-0.74738,-5.3369,-0.12722,18.253,-0.36993,-0.00060876,258.66
"41",1.053,1.0129,0.28208,0.2708,-0.065204,0.26479,0.23773,-0.48588,-2.9518,6.3108,-1.1102,1.7633,3.8305,3.641,0.43368,-0.85498,-4.978,-0.11713,17.953,-0.32913,-0.00060876,252.36
"42",1.053,1.0129,0.28208,0.2708,-0.065204,0.26479,0.24723,-0.48588,-2.9212,6.2812,-1.1112,1.7633,3.8305,3.641,0.43368,-1.0421,-4.2181,-0.11949,17.357,-0.28791,-0.00060876,237.16
"43",1.053,1.0129,0.28208,0.2708,-0.065204,0.26479,0.24723,-0.48588,-2.9183,6.2787,-1.1116,1.7633,3.8305,3.641,0.43368,-1.0536,-4.1592,-0.12105,17.312,-0.28757,-0.00060876,237.16
"44",2.4672,1.9749,1.1963,0.55488,-0.04667,0.4981,0.43514,-0.60545,-3.0306,9.4614,-1.1819,3.7633,5.8288,7.6713,0.83487,1.1015,-9.806,-2.1667,29.454,-1.5552,-0.00060876,470.66
"45",2.4672,2.0129,0.96231,0.91725,-0.066599,0.46566,0.4122,-0.40133,-2.9987,9.3784,-1.1309,3.7633,5.8288,5.641,0.83487,-0.12852,-6.9652,-0.3184,27.168,-0.71378,-0.00060876,482.96
"46",2.4672,2.0129,0.98919,0.7708,-0.066599,0.61834,0.49723,-0.48588,-2.9135,9.2746,-1.1122,3.7633,5.8288,5.641,0.83487,-1.0612,-4.0896,-0.12323,24.522,-0.28908,-0.00060876,435.96
"47",-5.1479,-3.5932,-2.6585,-1.6889,0.0019489,-1.4096,-0.93675,0.0069223,-0.53743,-10.209,-0.17132,-7.2367,-6.8862,-7.1923,-1.2046,0.19784,-2.2813,0.093904,-22.916,-0.14606,-0.00040334,-681.34
"48",-4.4408,-3.0932,-2.278,-1.5853,-0.00036277,-1.0876,-0.69806,-0.077629,-0.49132,-8.7639,-0.16264,-6.2367,-5.898,-6.1622,-1.0669,-0.29652,-0.75933,0.25674,-20.897,0.10607,0.00026779,-606.34
"49",-3.7337,-2.5932,-1.9514,-1.1889,-0.0025422,-1.0561,-0.68675,0.0069223,-0.52531,-7.2246,-0.16798,-5.2367,-4.909,-5.2052,-0.92314,0.099889,-1.9615,0.10741,-15.959,-0.11319,-0.00048516,-482.34
"50",-3.7337,-2.5932,-1.9514,-1.1889,-0.0025422,-1.0561,-0.68675,0.0069223,-0.52694,-7.2273,-0.16359,-5.2367,-4.909,-5.2052,-0.92314,0.049713,-1.8986,0.1235,-16.004,-0.086998,-0.00054998,-486.34
"51",-3.7337,-2.5932,-1.9245,-1.3353,-0.0025422,-0.91681,-0.5285,-0.077629,-0.48595,-7.2781,-0.15385,-5.2367,-4.909,-5.2052,-0.92314,-0.45662,-0.40506,0.28714,-17.558,0.18687,-0.00017254,-509.34
"52",-3.7337,-2.5932,-1.9245,-1.3353,-0.0025422,-0.91681,-0.5285,-0.077629,-0.49439,-7.2791,-0.14438,-5.2367,-4.909,-5.2052,-0.92314,-0.53787,-0.37796,0.31727,-17.574,0.24787,-0.00048856,-506.34
"53",-3.7337,-2.5932,-1.9245,-1.3353,-0.0025422,-0.89742,-0.64628,-0.077629,-0.46337,-7.2933,-0.16122,-5.2367,-4.909,-5.2052,-0.92314,-0.49728,-0.0080632,0.26906,-17.905,0.16528,0.00031264,-514.34
"54",-3.0265,-2.1312,-1.3638,-1.3013,0.01841,-0.84088,-0.59112,-0.1972,-0.57,-5.6135,-0.23435,-4.2367,-3.9192,-2.359,-0.77342,1.6654,-5.5135,-1.8823,-9.5318,-1.031,-0.0027263,-387.34
"55",-3.0265,-2.0932,-1.5709,-1.1044,-0.0046016,-0.61709,-0.62924,-0.077629,-0.50238,-5.747,-0.16852,-4.2367,-3.9192,-4.1766,-0.77342,-0.08849,-1.3172,0.21412,-13.183,0.010628,0.00015037,-396.34
"56",-3.0265,-2.0932,-1.5709,-1.0853,-0.0046016,-0.74003,-0.4035,-0.077629,-0.48149,-5.7819,-0.15448,-4.2367,-3.9192,-4.1766,-0.77342,-0.46383,-0.33947,0.28499,-14.002,0.18558,-0.00017487,-409.34
"57",-3.0265,-2.0932,-1.5709,-1.0853,-0.0046016,-0.72064,-0.53078,-0.077629,-0.46877,-5.7868,-0.16227,-4.2367,-3.9192,-4.1766,-0.77342,-0.43116,-0.21484,0.26375,-14.131,0.14407,0.00029469,-413.34
"58",-3.0265,-2.0932,-1.5709,-1.0853,-0.0046016,-0.72064,-0.52128,-0.077629,-0.45871,-5.7973,-0.16188,-4.2367,-3.9192,-4.1766,-0.77342,-0.50507,0.061375,0.26674,-14.352,0.16384,0.00030722,-416.34
"59",-2.3194,-1.5932,-1.2443,-0.6889,-0.0065516,-0.69655,-0.4813,0.0069223,-0.52714,-4.2076,-0.18315,-3.2367,-2.9287,-3.2162,-0.61772,0.36739,-2.4764,0.044063,-8.3571,-0.2325,-0.00024193,-282.34
"60",-2.3194,-1.5932,-1.2443,-0.6889,-0.0065516,-0.7025,-0.43675,0.0069223,-0.5162,-4.2367,-0.16497,-3.2367,-2.9287,-3.2162,-0.61772,0.02548,-1.7249,0.11846,-8.9208,-0.088003,-0.00055083,-286.34
"61",-2.3194,-1.5932,-1.2174,-0.83535,-0.0065516,-0.56325,-0.2785,-0.077629,-0.47744,-4.2854,-0.15506,-3.2367,-2.9287,-3.2162,-0.61772,-0.46992,-0.28097,0.28301,-10.436,0.18427,-0.00017702,-309.34
"62",-2.3194,-1.5932,-1.2174,-0.83535,-0.0065516,-0.56325,-0.2785,-0.077629,-0.48095,-4.2911,-0.14586,-3.2367,-2.9287,-3.2162,-0.61772,-0.57904,-0.13622,0.31208,-10.543,0.2502,-0.00048984,-305.34
"63",-2.3194,-1.5932,-1.2174,-0.83535,-0.0065516,-0.56325,-0.2785,-0.077629,-0.4976,-4.2767,-0.14353,-3.2367,-2.9287,-3.2162,-0.61772,-0.50205,-0.50717,0.31911,-10.252,0.24145,-0.00054092,-317.34
"64",-2.3194,-1.5932,-1.2174,-0.83535,-0.0065516,-0.54982,-0.35172,-0.077629,-0.45672,-4.3161,-0.14501,-3.2367,-2.9287,-3.2162,-0.61772,-0.7667,0.55429,0.32216,-11.112,0.30966,-0.00043033,-326.34
"65",-1.6123,-1.1312,-0.65672,-0.80128,0.013803,-0.48733,-0.34112,-0.1972,-0.56385,-2.6188,-0.23519,-2.2367,-1.9376,-0.35901,-0.45603,1.6612,-5.4351,-1.887,-2.3678,-1.0346,-0.0027202,-186.34
"66",-1.6123,-1.1312,-0.65672,-0.80128,0.013803,-0.49328,-0.28881,-0.1972,-0.54776,-2.6496,-0.22053,-2.2367,-1.9376,-0.35901,-0.45603,1.3245,-4.6617,-1.7688,-2.9539,-0.93938,-0.001172,-192.34
"67",-1.6123,-1.0932,-0.86382,-0.60435,-0.0084014,-0.26949,-0.33469,-0.077629,-0.49173,-2.766,-0.16017,-2.2367,-1.9376,-2.189,-0.45603,-0.26705,-0.86424,0.245,-6.2987,0.090834,-0.0002286,-196.34
"68",-1.6123,-1.0932,-0.86382,-0.58535,-0.0084014,-0.38648,-0.1535,-0.077629,-0.47318,-2.7963,-0.14842,-2.2367,-1.9376,-2.189,-0.45603,-0.5814,-0.033203,0.30391,-7.0087,0.23938,-0.00044144,-209.34
"69",-1.6123,-1.0932,-0.86382,-0.58535,-0.0084014,-0.37304,-0.22672,-0.077629,-0.45177,-2.8124,-0.15368,-2.2367,-1.9376,-2.189,-0.45603,-0.65833,0.41724,0.29424,-7.3911,0.24256,-0.00015678,-218.34
"70",-0.90523,-0.59322,-0.53714,-0.1889,-0.010159,-0.34299,-0.2313,0.0069223,-0.52119,-1.2127,-0.18398,-1.2367,-0.9459,-1.2257,-0.28835,0.36194,-2.3982,0.040999,-1.1865,-0.23476,-0.00024636,-83.335
"71",-0.90523,-0.59322,-0.53714,-0.1889,-0.010159,-0.34895,-0.18675,0.0069223,-0.50804,-1.2421,-0.16774,-1.2367,-0.9459,-1.2257,-0.28835,0.033128,-1.6393,0.10856,-1.7563,-0.10016,-0.0005284,-87.335
"72",-0.90523,-0.59322,-0.51027,-0.33535,-0.010159,-0.2097,-0.028501,-0.077629,-0.46901,-1.2972,-0.15163,-1.2367,-0.9459,-1.2257,-0.28835,-0.55286,-0.033073,0.29388,-3.3926,0.21888,-0.00035554,-109.34
"73",-0.90523,-0.59322,-0.51027,-0.33535,-0.010159,-0.2097,-0.028501,-0.077629,-0.47427,-1.2978,-0.1458,-1.2367,-0.9459,-1.2257,-0.28835,-0.60126,-0.020057,0.31181,-3.4007,0.25489,-0.00052123,-108.34
"74",-0.90523,-0.59322,-0.51027,-0.33535,-0.010159,-0.19626,-0.10172,-0.077629,-0.45082,-1.3203,-0.14674,-1.2367,-0.9459,-1.2257,-0.28835,-0.75531,0.59521,0.31576,-3.9072,0.29759,-0.00043352,-118.34
"75",-0.19812,-0.13122,0.05039,-0.30128,0.0096429,-0.13378,-0.091124,-0.1972,-0.55856,0.37661,-0.23592,-0.23671,0.046291,1.641,-0.11469,1.6581,-5.3688,-1.891,4.8186,-1.0379,-0.0027148,13.665
"76",-0.19812,-0.13122,0.05039,-0.30128,0.0096429,-0.13973,-0.038812,-0.1972,-0.5418,0.34532,-0.22139,-0.23671,0.046291,1.641,-0.11469,1.3192,-4.5829,-1.7732,4.2233,-0.94281,-0.0011702,7.6647
"77",-0.19812,-0.13122,0.05039,-0.30128,0.0096429,-0.13973,-0.038812,-0.1972,-0.53802,0.3393,-0.21914,-0.23671,0.046291,1.641,-0.11469,1.2642,-4.4446,-1.7562,4.1199,-0.92951,-0.00096947,3.6647
"78",-0.19812,-0.093217,-0.18359,0.061097,-0.011833,-0.16622,-0.1063,0.0069223,-0.51854,0.28503,-0.18436,-0.23671,0.046291,-0.1998,-0.11469,0.35971,-2.3639,0.039617,2.4072,-0.23581,-0.00024835,16.665
"79",-0.19812,-0.093217,-0.15672,-0.10435,-0.011833,0.084067,-0.084687,-0.077629,-0.48557,0.22878,-0.16108,-0.23671,0.046291,-0.1998,-0.11469,-0.27417,-0.78028,0.24192,0.87424,0.088491,-0.0002317,2.6647
"80",-0.19812,-0.093217,-0.15672,-0.08535,-0.011833,-0.013534,-0.03078,-0.077629,-0.45481,0.20127,-0.16433,-0.23671,0.046291,-0.1998,-0.11469,-0.4494,-0.01897,0.25669,0.18109,0.13874,0.00027817,-16.335
"81",0.50899,0.40678,0.16996,0.3111,-0.013429,0.010561,0.018696,0.0069223,-0.51607,1.7829,-0.18471,0.76329,1.0389,0.76599,0.064965,0.35775,-2.3321,0.038324,6.0056,-0.23681,-0.00025022,117.66
"82",0.50899,0.40678,0.16996,0.3111,-0.013429,0.0046079,0.06325,0.0069223,-0.50172,1.7525,-0.16869,0.76329,1.0389,0.76599,0.064965,0.025022,-1.5511,0.10521,5.4194,-0.10251,-0.00052926,112.16
"83",0.50899,0.40678,0.16996,0.3111,-0.013429,0.0046079,0.06325,0.0069223,-0.50062,1.75,-0.16724,0.76329,1.0389,0.76599,0.064965,-0.0010048,-1.4922,0.11036,5.3756,-0.092358,-0.00055224,117.66
"84",0.50899,0.40678,0.19684,0.16465,-0.013429,0.14385,0.2215,-0.077629,-0.46251,1.6973,-0.15262,0.76329,1.0389,0.76599,0.064965,-0.56186,0.0591,0.29056,3.7803,0.21643,-0.00035764,89.165
"85",0.50899,0.40678,0.19684,0.16465,-0.013429,0.14385,0.2215,-0.077629,-0.46243,1.693,-0.14845,0.76329,1.0389,0.76599,0.064965,-0.61987,0.16126,0.30313,3.704,0.2471,-0.0004923,90.665
"86",0.50899,0.40678,0.19684,0.16465,-0.013429,0.16324,0.10372,-0.077629,-0.44088,1.6876,-0.16455,0.76329,1.0389,0.76599,0.064965,-0.5298,0.3151,0.25756,3.5392,0.15695,0.00028559,78.865
"87",0.50899,0.40678,0.19684,0.16465,-0.013429,0.15729,0.14828,-0.077629,-0.43027,1.6605,-0.14811,0.76329,1.0389,0.76599,0.064965,-0.85106,1.0387,0.31133,2.9906,0.31356,-0.00043431,71.565
"88",1.2161,0.86878,0.7575,0.19872,0.0058626,0.21382,0.21119,-0.1972,-0.54342,3.352,-0.22646,1.7633,2.032,3.641,0.2506,1.4221,-4.7813,-1.8109,11.621,-0.97349,-0.0015918,205.66
"89",1.2161,0.90678,0.55039,0.39565,-0.014952,0.44357,0.12076,-0.077629,-0.48487,3.238,-0.17104,1.7633,2.032,1.7907,0.2506,-0.10648,-1.0831,0.20538,8.3466,0.0038699,0.00013208,200.66
"90",1.2161,0.90678,0.55039,0.41465,-0.014952,0.34002,0.21922,-0.077629,-0.44936,3.1966,-0.16516,1.7633,2.032,1.7907,0.2506,-0.45537,0.054919,0.25387,7.3733,0.13639,0.00027156,182.16
"91",1.2161,0.90678,0.55039,0.41465,-0.014952,0.34002,0.22872,-0.077629,-0.42957,3.177,-0.16526,1.7633,2.032,1.7907,0.2506,-0.5839,0.56298,0.25551,6.9717,0.16555,0.00028389,174.66
"92",1.2161,0.90678,0.55039,0.41465,-0.014952,0.33407,0.27328,-0.077629,-0.43228,3.161,-0.14661,1.7633,2.032,1.7907,0.2506,-0.85092,1.0041,0.31579,6.6441,0.32028,-0.00048597,170.66
"93",1.2161,0.90678,0.55039,0.41465,-0.014952,0.34002,0.22872,-0.077629,-0.40919,3.1585,-0.16715,1.7633,2.032,1.7907,0.2506,-0.68122,1.013,0.24842,6.6269,0.17583,0.00027216,166.16
"94",1.9232,1.4068,0.87707,0.8111,-0.016409,0.35816,0.31325,0.0069223,-0.50441,4.7625,-0.17595,2.7633,3.0255,2.7586,0.44223,0.16,-1.831,0.077183,12.882,-0.15769,-0.00041504,311.66
"95",1.9232,1.4068,0.87707,0.8111,-0.016409,0.35816,0.31325,0.0069223,-0.49474,4.745,-0.16816,2.7633,3.0255,2.7586,0.44223,-0.0087537,-1.4095,0.10716,12.566,-0.094632,-0.0005528,317.66
"96",1.9232,1.4068,0.90394,0.66465,-0.016409,0.49741,0.4715,-0.077629,-0.45569,4.6873,-0.14951,2.7633,3.0255,2.7586,0.44223,-0.63105,0.26119,0.29959,10.882,0.24476,-0.00049331,288.66
"97",1.9232,1.4068,0.90394,0.66465,-0.016409,0.49741,0.4715,-0.077629,-0.45679,4.6872,-0.1483,2.7633,3.0255,2.7586,0.44223,-0.64085,0.26331,0.30319,10.88,0.25194,-0.00052298,290.66
"98",1.9232,1.4068,0.90394,0.66465,-0.016409,0.51084,0.39828,-0.077629,-0.43545,4.6667,-0.1491,2.7633,3.0255,2.7586,0.44223,-0.7838,0.83015,0.30778,10.411,0.29283,-0.00043686,278.66
"99",1.9232,1.4068,0.90394,0.66465,-0.016409,0.51084,0.39828,-0.077629,-0.42503,4.6545,-0.14738,2.7633,3.0255,2.7586,0.44223,-0.87811,1.1462,0.3131,10.163,0.3227,-0.0004866,271.06
"100",2.6303,1.8688,1.4646,0.69872,0.0024074,0.56738,0.46119,-0.1972,-0.53224,6.3372,-0.22281,3.7633,4.0193,5.641,0.63985,1.3122,-4.4604,-1.7804,18.637,-0.94864,-0.0011673,402.66
"101",2.6303,1.9068,1.2575,0.89565,-0.017804,0.79117,0.41531,-0.077629,-0.46881,6.2056,-0.15465,3.7633,4.0193,3.7822,0.63985,-0.43716,-0.28947,0.26268,15.011,0.15086,-0.00050652,397.66
"102",2.6303,1.9068,1.2575,0.91465,-0.017804,0.69357,0.46922,-0.077629,-0.44464,6.1927,-0.16589,3.7633,4.0193,3.7822,0.63985,-0.46004,0.1177,0.25141,14.584,0.13424,0.0002658,382.46
"103",2.6303,1.9068,1.2575,0.91465,-0.017804,0.69357,0.47872,-0.077629,-0.42437,6.1726,-0.1661,3.7633,4.0193,3.7822,0.63985,-0.58983,0.63416,0.2527,14.176,0.16311,0.00027725,373.66
"104",2.6303,1.9068,1.2575,0.91465,-0.017804,0.68762,0.52328,-0.077629,-0.41513,6.1475,-0.15029,3.7633,4.0193,3.7822,0.63985,-0.89046,1.2966,0.30377,13.679,0.31169,-0.00043731,370.06
"105",2.6303,1.9068,1.2575,0.91465,-0.017804,0.69357,0.47872,-0.077629,-0.40289,6.1533,-0.16823,3.7633,4.0193,3.7822,0.63985,-0.68957,1.1023,0.24472,13.818,0.17262,0.00026351,363.66
"106",3.3374,2.4068,1.5842,1.3111,-0.019141,0.71767,0.5187,0.0069223,-0.5077,7.7758,-0.18593,4.7633,5.0135,4.7521,0.84345,0.35187,-2.2262,0.033884,20.441,-0.24034,-0.00025663,518.16
"107",3.3374,2.4068,1.5842,1.3111,-0.019141,0.71171,0.56325,0.0069223,-0.48973,7.7408,-0.16896,4.7633,5.0135,4.7521,0.84345,-0.014513,-1.3409,0.10438,19.777,-0.09677,-0.0005533,509.66
"108",3.3374,2.4068,1.611,1.1647,-0.019141,0.85691,0.67694,-0.077629,-0.4578,7.7074,-0.16752,4.7633,5.0135,4.7521,0.84345,-0.33562,-0.30033,0.24,18.561,0.093174,0.00022964,488.66
"109",3.3374,2.4068,1.611,1.1647,-0.019141,0.85096,0.7215,-0.077629,-0.45044,7.6819,-0.14932,4.7633,5.0135,4.7521,0.84345,-0.65163,0.35819,0.29976,18.072,0.24967,-0.00052369,489.16
"110",3.3374,2.4068,1.611,1.1647,-0.019141,0.8644,0.64828,-0.077629,-0.42965,7.6618,-0.15005,4.7633,5.0135,4.7521,0.84345,-0.7923,0.9137,0.30464,17.611,0.29038,-0.0004382,478.36
"111",3.3374,2.4068,1.611,1.1647,-0.019141,0.8644,0.64828,-0.077629,-0.42004,7.6507,-0.1485,4.7633,5.0135,4.7521,0.84345,-0.87784,1.2012,0.30936,17.386,0.31724,-0.00048783,469.66
"112",4.0445,2.8688,2.1717,1.1987,-0.00076676,0.92093,0.71119,-0.1972,-0.52366,9.3271,-0.22134,5.7633,6.008,7.641,1.053,1.2523,-4.2572,-1.7671,25.752,-0.93817,-0.00096635,603.66
"113",4.0445,2.9068,1.9646,1.4147,-0.020424,1.0277,0.8465,-0.077629,-0.44754,9.1805,-0.15084,5.7633,6.008,5.7747,1.053,-0.64239,0.37709,0.29519,21.692,0.24135,-0.00049457,588.66
"114",4.0445,2.9068,1.9646,1.4147,-0.020424,1.0412,0.77328,-0.077629,-0.40648,9.1403,-0.15165,5.7633,6.008,5.7747,1.053,-0.91069,1.4389,0.29912,20.839,0.30961,-0.00043919,569.66
"115",4.7516,3.4068,2.2913,1.8111,-0.021657,1.0653,0.81325,0.0069223,-0.4854,10.737,-0.16966,6.7633,7.0027,6.7463,1.2686,-0.01891,-1.283,0.10197,27.004,-0.098739,-0.00055373,709.66
"116",4.7516,3.4068,2.3182,1.6647,-0.021657,1.2105,0.92694,-0.077629,-0.45408,10.704,-0.16809,6.7633,7.0027,6.7463,1.2686,-0.33859,-0.25253,0.23808,25.795,0.091444,0.00022526,687.66
"117",4.7516,3.4068,2.3182,1.6647,-0.021657,1.2045,0.9715,-0.077629,-0.44523,10.679,-0.15122,6.7633,7.0027,6.7463,1.2686,-0.64523,0.40916,0.29393,25.304,0.24028,-0.00049494,688.66
"118",4.7516,3.4068,2.3182,1.6647,-0.021657,1.218,0.89828,-0.077629,-0.40523,10.638,-0.15104,6.7633,7.0027,6.7463,1.2686,-0.92086,1.4692,0.30084,24.453,0.31467,-0.00046773,667.66
"119",5.4587,3.9068,2.6717,1.9147,-0.022843,1.3813,1.0965,-0.077629,-0.44307,12.177,-0.15159,7.7633,7.9977,7.7679,1.4902,-0.64772,0.43864,0.29275,28.92,0.23925,-0.00049528,786.66
"120",-3.5705,-2.6994,-1.6562,-1.2105,0.055193,-0.71863,-0.77275,0.33062,1.9889,-10.344,0.77051,-5.2367,-6.4728,-6.8158,-1.0496,0.43321,3.3845,0.5624,-27.1,0.43263,0.00096256,-571.34
"121",-2.8634,-2.1994,-1.3026,-0.9415,0.052012,-0.65885,-0.46656,0.33062,2.0153,-8.8741,0.7742,-4.2367,-5.4971,-5.8029,-0.9057,0.20063,4.1677,0.59855,-24.174,0.52081,0.0010726,-481.34
"122",-2.1563,-1.6994,-0.94907,-0.71051,0.049004,-0.36508,-0.52275,0.33062,2.0015,-7.3546,0.76855,-3.2367,-4.5198,-4.8525,-0.75587,0.41077,3.5764,0.55531,-20.037,0.42846,0.00094195,-372.34
"123",-1.4492,-1.1994,-0.62239,-0.29506,0.046153,-0.44454,-0.37481,0.41517,1.977,-5.8153,0.75368,-2.2367,-3.5411,-3.839,-0.60006,0.86876,2.4199,0.37999,-15.214,0.19016,0.00050103,-253.34
"124",-0.74209,-0.69937,-0.24196,-0.21051,0.046153,-0.011528,-0.27275,0.33062,2.0118,-4.3632,0.76686,-1.2367,-2.5611,-2.8845,-0.43827,0.39513,3.7273,0.54924,-12.928,0.42425,0.00092424,-173.34
"125",-0.034982,-0.19937,0.084718,0.20494,0.046153,-0.090987,-0.12481,0.41517,1.9858,-2.8226,0.75222,-0.23671,-1.58,-1.8707,-0.2705,0.85781,2.543,0.3746,-8.0767,0.18619,0.00048796,-54.335
"126",-0.034982,-0.19937,0.1235,-0.030612,0.040872,0.215,0.08641,0.2557,2.0459,-2.9023,0.77186,-0.23671,-1.58,-1.8707,-0.2705,0.20234,4.4729,0.60808,-10.072,0.49667,0.0021189,-84.335
"127",0.67212,0.30063,0.46514,0.3085,0.038419,0.23252,0.12027,0.33062,2.0565,-1.4304,0.78933,0.76329,-0.59773,-0.91273,-0.096742,-0.23872,5.4778,0.65776,-7.117,0.694,0.00054829,8.6647
"128",1.3792,0.80063,0.79182,0.70494,0.036079,0.26257,0.12519,0.41517,1.9932,0.1713,0.75094,1.7633,0.3855,0.1012,0.082994,0.84968,2.6448,0.36995,-0.91083,0.18256,0.00047667,145.16
"129",1.3792,0.80063,0.8187,0.5585,0.036079,0.39586,0.32799,0.33062,2.0506,0.078087,0.78677,1.7633,0.3855,0.1012,0.082994,-0.14188,5.204,0.64376,-3.2588,0.65262,0.00052905,114.06
"130",1.3792,0.80063,0.8187,0.5585,0.036079,0.4093,0.25477,0.33062,2.0725,0.06052,0.78241,1.7633,0.3855,0.1012,0.082994,-0.23397,5.6889,0.63597,-3.6668,0.66361,0.00070351,99.965
"131",1.3792,0.80063,0.8187,0.5585,0.036079,0.41525,0.21021,0.33062,2.0951,0.051031,0.76927,1.7633,0.3855,0.1012,0.082994,-0.17338,5.8952,0.58937,-3.8402,0.58351,0.0010561,89.665
"132",2.0863,1.2626,1.3794,0.59257,0.054658,0.45988,0.36224,0.21105,1.9738,1.714,0.72764,2.7633,1.3696,2.7586,0.26871,1.5887,0.86421,-1.4,4.2099,-0.41312,-0.00089201,232.66
"133",2.0863,1.3006,1.1723,0.78949,0.033843,0.68963,0.27181,0.33062,2.0379,1.5961,0.78142,2.7633,1.3696,1.0622,0.26871,0.053225,4.6574,0.60494,0.86264,0.55965,0.00048829,224.66
"134",2.0863,1.3006,1.1723,0.8085,0.033843,0.58607,0.37027,0.33062,2.0674,1.5606,0.78748,2.7633,1.3696,1.0622,0.26871,-0.26015,5.6487,0.65128,0.0027636,0.68991,0.00053371,207.66
"135",2.0863,1.3006,1.1723,0.8085,0.033843,0.59203,0.33521,0.33062,2.1025,1.5448,0.76811,2.7633,1.3696,1.0622,0.26871,-0.19208,6.0209,0.58516,-0.3095,0.58169,0.0010436,189.66
"136",2.7934,1.8006,1.4989,1.2049,0.031703,0.61017,0.41974,0.41517,1.9983,3.1492,0.76789,3.7633,2.3546,2.0762,0.46042,0.57855,3.1776,0.43212,5.9507,0.32004,-2.6961e-05,345.16
"137",2.7934,1.8006,1.5258,1.0585,0.031703,0.74941,0.57799,0.33062,2.0596,3.0706,0.78518,3.7633,2.3546,2.0762,0.46042,-0.15684,5.3395,0.63821,3.893,0.64853,0.00051654,313.66
"138",2.7934,1.8006,1.5258,1.0585,0.031703,0.7688,0.46021,0.33062,2.082,3.0645,0.76899,3.7633,2.3546,2.0762,0.46042,-0.068713,5.5112,0.588,3.7139,0.56162,0.0010467,297.66
"139",2.7934,1.8006,1.5258,1.0585,0.031703,0.7688,0.46021,0.33062,2.1064,3.0417,0.76731,3.7633,2.3546,2.0762,0.46042,-0.1958,6.0737,0.58237,3.2794,0.57887,0.0010348,287.66
"140",3.5006,2.2626,2.0865,1.0926,0.049865,0.81343,0.61224,0.21105,1.9811,4.708,0.72634,4.7633,3.3404,4.7521,0.6581,1.5798,0.96628,-1.4056,11.392,-0.4175,-0.00089362,432.66
"141",3.5006,2.3006,1.8794,1.2895,0.029654,1.0491,0.47725,0.33062,2.0339,4.6185,0.763,4.7633,3.3404,3.0398,0.6581,0.3688,4.035,0.53564,8.5837,0.41331,0.00088442,424.16
"142",3.5006,2.3006,1.8794,1.3085,0.029654,0.93963,0.62027,0.33062,2.0763,4.5533,0.78589,4.7633,3.3404,3.0398,0.6581,-0.27514,5.7831,0.64573,7.1603,0.68576,0.00052117,405.66
"143",3.5006,2.3006,1.8794,1.3085,0.029654,0.94558,0.58521,0.33062,2.095,4.5525,0.7679,4.7633,3.3404,3.0398,0.6581,-0.12678,5.7888,0.58462,7.1296,0.56868,0.0010384,395.06
"144",3.5006,2.3006,1.8794,1.3085,0.029654,0.94558,0.58521,0.33062,2.1136,4.5356,0.76615,4.7633,3.3404,3.0398,0.6581,-0.21445,6.1981,0.57816,6.8161,0.57701,0.0010224,386.66
"145",4.2077,2.8006,2.206,1.7049,0.027688,0.96372,0.66974,0.41517,2.0046,6.1441,0.76677,5.7633,4.3268,4.0537,0.86177,0.57161,3.2629,0.42819,13.149,0.31686,-3.1938e-05,544.96
"146",4.2077,2.8006,2.2329,1.5585,0.027688,1.1089,0.78344,0.33062,2.0594,6.0893,0.76669,5.7633,4.3268,4.0537,0.86177,0.1355,4.8107,0.57204,11.547,0.50113,0.00099158,513.66
"147",4.2077,2.8006,2.2329,1.5585,0.027688,1.1224,0.71021,0.33062,2.0889,6.0588,0.76772,5.7633,4.3268,4.0537,0.86177,-0.077388,5.6088,0.58357,10.904,0.5578,0.0010329,496.96
"148",4.2077,2.8006,2.2329,1.5585,0.027688,1.1224,0.71021,0.33062,2.12,6.0303,0.76507,5.7633,4.3268,4.0537,0.86177,-0.2294,6.3048,0.57423,10.369,0.57481,0.0010107,485.66
"149",4.2077,2.8006,2.2329,1.5585,0.027688,1.1164,0.75477,0.33062,2.1124,6.0252,0.77784,5.7633,4.3268,4.0537,0.86177,-0.38265,6.4725,0.62014,10.249,0.67398,0.00067262,491.66
"150",4.9148,3.3006,2.5865,1.7895,0.025801,1.3967,0.77181,0.33062,2.0374,7.598,0.78006,6.7633,5.3139,5.0197,1.0714,0.10258,4.5392,0.59628,15.48,0.55371,0.00037405,623.66
"151",4.9148,3.3006,2.5865,1.8085,0.025801,1.2991,0.83521,0.33062,2.1018,7.547,0.76662,6.7633,5.3139,5.0197,1.0714,-0.13545,5.8853,0.58019,14.324,0.56482,0.0010247,593.66
"152",4.9148,3.3006,2.5865,1.8085,0.025801,1.2991,0.83521,0.33062,2.1258,7.5256,0.76405,6.7633,5.3139,5.0197,1.0714,-0.24158,6.3974,0.57058,13.934,0.57245,0.00099978,584.66
"153",5.6219,3.8006,2.9131,2.2049,0.023986,1.3173,0.91974,0.41517,2.0099,9.1397,0.76579,7.7633,6.3017,6.0335,1.2871,0.56627,3.3352,0.42474,20.366,0.31396,-3.6332e-05,743.66
"154",5.6219,3.8006,2.94,2.0585,0.023986,1.4565,1.078,0.33062,2.0736,9.0592,0.78258,7.7633,6.3017,6.0335,1.2871,-0.17594,5.5402,0.62931,18.276,0.64109,0.00049655,711.66
"155",5.6219,3.8006,2.94,2.0585,0.023986,1.464,1.0493,0.33062,2.0918,9.0342,0.78937,7.7633,6.3017,6.0335,1.2871,-0.4203,6.2452,0.66041,17.71,0.74366,0.0002825,692.66
"156",5.6219,3.8006,2.94,2.0585,0.023986,1.4759,0.96021,0.33062,2.1309,9.0214,0.76311,7.7633,6.3017,6.0335,1.2871,-0.25164,6.4786,0.56721,17.51,0.57004,0.00098968,683.66
"157",6.329,4.3006,3.2936,2.3085,0.02224,1.6527,1.0852,0.33062,2.1355,10.518,0.76223,8.7633,7.29,7.0015,1.5087,-0.26007,6.5506,0.5641,21.094,0.56765,0.00098032,782.16
"158",7.0361,4.8006,3.6471,2.5585,0.02224,1.8101,1.328,0.33062,2.0792,12.055,0.78152,9.7633,8.2788,8.0151,1.7363,-0.18227,5.617,0.62572,25.497,0.63784,0.00048852,909.66
"159",7.0361,4.8006,3.6471,2.5585,0.020559,1.8295,1.2102,0.33062,2.1398,12.014,0.76142,9.7633,8.2788,8.0151,1.7363,-0.26719,6.6149,0.56122,24.687,0.56532,0.00097165,881.06
"160",7.7432,5.3006,4.0007,2.8085,0.018938,2.0062,1.3352,0.33062,2.1422,13.512,0.7609,10.763,9.2682,8.985,1.9699,-0.2685,6.6452,0.55945,28.306,0.56337,0.00096616,979.66
"161",0.83526,0.19448,0.70658,0.59879,0.091123,0.16102,-0.018318,0.82342,4.4987,-4.4331,1.6831,0.76329,-2.0961,-2.4455,-0.24479,1.3923,7.5012,0.69233,-14.98,0.5749,0.0011874,-29.335
"162",2.2495,1.1945,1.4137,1.0988,0.091123,0.51457,0.23168,0.82342,4.5096,-1.442,1.6811,2.7633,-0.15378,-0.49481,0.10907,1.3762,7.6619,0.68492,-7.8581,0.56941,0.0011657,169.66
"163",2.2495,1.1945,1.4406,0.93334,0.091123,0.77081,0.20874,0.73887,4.5408,-1.4869,1.6949,2.7633,-0.15378,-0.49481,0.10907,0.9057,8.9198,0.85867,-9.1467,0.80207,0.0015981,157.66
"164",3.6637,2.1945,2.1208,1.5988,0.079161,0.86812,0.48168,0.82342,4.5188,1.5506,1.6794,4.7633,1.7943,1.4609,0.48683,1.3645,7.7928,0.67851,-0.70281,0.56431,0.001147,367.66
"165",3.6637,2.1945,2.1477,1.4333,0.081955,1.1244,0.45874,0.73887,4.5506,1.5051,1.693,4.7633,1.7943,1.4609,0.48683,0.89168,9.0636,0.85194,-2.001,0.79673,0.001576,356.66
"166",5.0779,3.1945,2.8279,2.0988,0.073913,1.2217,0.73168,0.82342,4.5266,4.5443,1.6778,6.7633,3.7473,3.421,0.88849,1.3557,7.9017,0.67295,6.4784,0.55967,0.0011307,566.66
"167",5.0779,3.1945,2.8548,1.9523,0.073913,1.3744,0.81671,0.73887,4.6116,4.4406,1.6965,6.7633,3.7473,3.421,0.88849,0.43785,10.723,0.89644,3.8859,0.93505,0.0017083,536.66
"168",5.0779,3.1945,2.8548,1.9523,0.073913,1.3744,0.81671,0.73887,4.6275,4.4256,1.6957,6.7633,3.7473,3.421,0.88849,0.35159,11.097,0.8939,3.5963,0.94803,0.0017021,525.66
"169",5.0779,3.1945,2.8548,1.9523,0.073913,1.3684,0.86547,0.73887,4.6293,4.4162,1.7032,6.7633,3.7473,3.421,0.88849,0.221,11.354,0.92191,3.4064,1.0134,0.0015185,513.66
"170",5.785,3.6945,3.2202,2.1132,0.071444,1.7238,0.94062,0.66395,4.6149,5.9714,1.6625,7.7633,4.7254,4.4245,1.0983,1.0467,9.627,0.77295,8.228,0.65604,0.0024423,631.66
"171",5.785,3.6945,3.2083,2.2023,0.071444,1.5511,0.94171,0.73887,4.6258,5.9278,1.6951,7.7633,4.7254,4.4245,1.0983,0.37798,11.018,0.89204,7.2932,0.94087,0.0016947,621.66
"172",5.785,3.6945,3.2083,2.2023,0.071444,1.5511,0.94171,0.73887,4.6378,5.9168,1.6941,7.7633,4.7254,4.4245,1.0983,0.31935,11.287,0.88842,7.0867,0.94712,0.0016844,612.16
"173",6.4921,4.1945,3.535,2.5988,0.06907,1.5752,0.98168,0.82342,4.5334,7.5389,1.6765,8.7633,5.7045,5.3848,1.3141,1.349,7.9939,0.66808,13.68,0.55545,0.0011165,763.66
"174",6.4921,4.1945,3.5619,2.4523,0.06907,1.7279,1.0667,0.73887,4.6204,7.4336,1.6948,8.7633,5.7045,5.3848,1.3141,0.42561,10.851,0.89024,11.062,0.92974,0.0016872,731.66
"175",6.4921,4.1945,3.5619,2.4523,0.06907,1.7279,1.0667,0.73887,4.6377,7.4174,1.6936,8.7633,5.7045,5.3848,1.3141,0.33488,11.252,0.88671,10.752,0.94221,0.0016778,721.66
"176",6.4921,4.1945,3.5619,2.4523,0.06907,1.722,1.1155,0.73887,4.6422,7.4057,1.7008,8.7633,5.7045,5.3848,1.3141,0.19382,11.563,0.91337,10.521,1.0077,0.0014938,711.66
"177",7.1992,4.6945,3.9154,2.7023,0.066784,1.9047,1.1917,0.73887,4.6479,8.9087,1.6921,9.7633,6.6845,6.389,1.5358,0.30266,11.441,0.88122,14.247,0.94126,0.0016603,808.66
"178",-3.1897,-1.9871,-1.8392,-1.2292,-0.060157,-0.80931,-0.42955,-0.48588,-2.9742,-2.6662,-1.1108,-4.2367,-2.1628,-2.359,-0.62618,-0.73822,-5.4783,-0.12366,-3.3637,-0.3671,-0.00060876,-341.04
"179",-1.7755,-0.98706,-1.1321,-0.7292,-0.060157,-0.44232,-0.25277,-0.48588,-2.9507,0.30857,-1.109,-2.2367,-0.16532,-0.35901,-0.29684,-0.91319,-4.8359,-0.11199,3.3394,-0.30735,-0.00060876,-151.54
"180",-6.5621,-4.5932,-3.3387,-2.3353,0.007027,-1.6045,-1.1463,-0.077629,-0.48823,-13.272,-0.15802,-9.2367,-8.8595,-9.1772,-1.4621,-0.44509,-0.40193,0.2804,-31.983,0.16953,0.0003386,-919.34
"181",-5.1479,-3.5932,-2.6585,-1.6889,0.0019489,-1.4096,-0.93675,0.0069223,-0.53538,-10.216,-0.16665,-7.2367,-6.8862,-7.1923,-1.2046,0.11717,-2.1119,0.11225,-23.043,-0.11094,-0.00048326,-686.34
"182",-3.7337,-2.5932,-1.9514,-1.1889,-0.0025422,-1.0501,-0.7313,0.0069223,-0.53414,-7.2015,-0.18219,-5.2367,-4.909,-5.2052,-0.92314,0.37463,-2.5702,0.047599,-15.501,-0.23001,-0.00023683,-482.84
"183",-3.7337,-2.5932,-1.9245,-1.3353,-0.0025422,-0.91085,-0.57306,-0.077629,-0.48683,-7.2678,-0.16325,-5.2367,-4.909,-5.2052,-0.92314,-0.30314,-0.69475,0.25459,-17.344,0.10469,0.00026291,-505.34
"184",-3.0265,-2.0932,-1.5709,-1.1044,-0.0046016,-0.62304,-0.58469,-0.077629,-0.49901,-5.7597,-0.15913,-4.2367,-3.9192,-4.1766,-0.77342,-0.25751,-0.96617,0.24858,-13.445,0.093333,-0.00022501,-398.84
"185",-3.0265,-2.0932,-1.5709,-1.0853,-0.0046016,-0.72659,-0.48623,-0.077629,-0.46967,-5.798,-0.15015,-4.2367,-3.9192,-4.1766,-0.77342,-0.61381,0.10205,0.30437,-14.364,0.24751,-0.00026739,-410.34
"186",-2.3194,-1.5932,-1.2174,-0.83535,-0.0065516,-0.56325,-0.2785,-0.077629,-0.47781,-4.2923,-0.14777,-3.2367,-2.9287,-3.2162,-0.61772,-0.57217,-0.10528,0.30616,-10.568,0.24039,-0.00044054,-308.14
"187",-2.3194,-1.5932,-1.2174,-0.83535,-0.0065516,-0.54386,-0.39628,-0.077629,-0.45448,-4.3009,-0.1625,-3.2367,-2.9287,-3.2162,-0.61772,-0.51164,0.12318,0.2646,-10.789,0.16239,0.0003022,-324.14
"188",-2.3194,-1.5932,-1.2055,-0.92446,-0.0065516,-0.37117,-0.38786,-0.15254,-0.43256,-4.3001,-0.18517,-3.2367,-2.9287,-3.2162,-0.61772,-0.20867,-0.18235,0.20567,-10.69,-0.019175,0.0021424,-326.34
"189",-1.6123,-1.0932,-0.86382,-0.60435,-0.0084014,-0.26353,-0.37924,-0.077629,-0.49561,-2.7528,-0.16948,-2.2367,-1.9376,-2.189,-0.45603,-0.096141,-1.2251,0.21078,-6.0301,0.0081712,0.00014339,-196.34
"190",-0.90523,-0.59322,-0.51027,-0.33535,-0.010159,-0.20375,-0.073056,-0.077629,-0.47246,-1.2801,-0.16531,-1.2367,-0.9459,-1.2257,-0.28835,-0.32135,-0.49464,0.24748,-3.05,0.099482,0.00024672,-109.34
"191",0.50899,0.40678,0.19684,0.16465,-0.013429,0.15729,0.14828,-0.077629,-0.4447,1.6729,-0.14611,0.76329,1.0389,0.76599,0.064965,-0.78437,0.71702,0.31718,3.2437,0.30657,-0.00048615,74.665
"192",0.50899,0.40678,0.19684,0.16465,-0.013429,0.15729,0.14828,-0.077629,-0.43306,1.6632,-0.148,0.76329,1.0389,0.76599,0.064965,-0.83443,0.97006,0.31176,3.044,0.31034,-0.00043433,73.665
"193",1.2161,0.86878,0.7575,0.19872,0.0058626,0.21382,0.21119,-0.1972,-0.53668,3.341,-0.22215,1.7633,2.032,3.641,0.2506,1.3152,-4.5168,-1.777,11.422,-0.94589,-0.0011686,199.66
"194",2.6303,1.8688,1.4646,0.69872,0.0024074,0.56738,0.46119,-0.1972,-0.52778,6.3306,-0.2207,3.7633,4.0193,5.641,0.63985,1.2552,-4.3099,-1.7639,18.525,-0.93558,-0.00096724,402.66
"195",2.6303,1.9068,1.2575,0.91465,-0.017804,0.68762,0.51377,-0.077629,-0.4418,6.1764,-0.15244,3.7633,4.0193,3.7822,0.63985,-0.68419,0.5556,0.2962,14.26,0.25288,-0.00035115,383.66
"196",-1.4492,-1.1994,-0.62239,-0.29506,0.046153,-0.45049,-0.33026,0.41517,1.9745,-5.8249,0.76583,-2.2367,-3.5411,-3.839,-0.60006,0.69702,2.6889,0.42528,-15.409,0.28524,0.00014434,-251.34
"197",-0.74209,-0.73737,-0.034855,-0.40743,0.06565,-0.24723,-0.13776,0.21105,1.9496,-4.2709,0.73671,-1.2367,-2.5611,-1.2257,-0.43827,1.5649,0.60401,-1.3645,-10.078,-0.3653,-0.0010363,-173.34
"198",-0.034982,-0.19937,0.11159,0.058497,0.040872,0.061695,-0.039786,0.33062,2.077,-2.9334,0.77176,-0.23671,-1.58,-1.8707,-0.2705,-0.11856,5.5666,0.59838,-10.834,0.58446,0.0010823,-96.335
"199",1.3792,0.80063,0.8187,0.5585,0.036079,0.40181,0.28344,0.33062,2.0461,0.10021,0.76909,1.7633,0.3855,0.1012,0.082994,0.15074,4.6269,0.58036,-2.8313,0.50822,0.0010171,108.66
"200",1.3792,0.80063,0.8187,0.5585,0.036079,0.41525,0.21021,0.33062,2.0738,0.071148,0.77045,1.7633,0.3855,0.1012,0.082994,-0.057175,5.3934,0.59313,-3.4511,0.56578,0.0010626,99.965
"201",1.3792,0.80063,0.8187,0.5585,0.036079,0.41525,0.21021,0.33062,2.0886,0.057034,0.76981,1.7633,0.3855,0.1012,0.082994,-0.14108,5.7482,0.59138,-3.7273,0.57991,0.0010608,100.86
"202",2.7934,1.8006,1.5258,1.0585,0.031703,0.74941,0.57799,0.33062,2.0387,3.0816,0.79509,3.7633,2.3546,2.0762,0.46042,-0.17218,5.0805,0.66867,4.0913,0.70126,0.00033446,317.66
"203",2.7934,1.8006,1.5258,1.0585,0.031703,0.76285,0.50477,0.33062,2.0817,3.0529,0.78077,3.7633,2.3546,2.0762,0.46042,-0.24937,5.8277,0.63026,3.4826,0.65932,0.00068926,303.66
"204",2.7934,1.8006,1.5258,1.0585,0.031703,0.7688,0.46021,0.33062,2.098,3.0493,0.76811,3.7633,2.3546,2.0762,0.46042,-0.15685,5.8908,0.58539,3.4193,0.57538,0.0010424,300.56
"205",3.5006,2.3006,1.8794,1.3085,0.029654,0.94558,0.57571,0.33062,2.0731,4.574,0.76835,4.7633,3.3404,3.0398,0.6581,0.0079172,5.2414,0.58401,7.5601,0.54143,0.0010314,404.66
"206",3.5006,2.3006,1.8794,1.3085,0.029654,0.93963,0.62027,0.33062,2.0752,4.5604,0.77989,4.7633,3.3404,3.0398,0.6581,-0.1826,5.6067,0.62575,7.2918,0.63884,0.00067914,408.66
"207",3.5006,2.3006,1.8794,1.3085,0.029654,0.94558,0.58521,0.33062,2.1075,4.5411,0.76685,4.7633,3.3404,3.0398,0.6581,-0.18778,6.0676,0.58083,6.9154,0.57546,0.0010294,397.66
