-15.918,-11.025,-7.9961,-5.9451,0.014388,-4.0981,-2.8149,-0.60545,-3.161,-29.416,-1.1745,-22.237,-20.089000000000002,-18.215999999999998,-2.5122,1.263,-11.612,-2.1093,-61.938,-1.4785,-0.00060876
-15.918,-10.987,-8.2301,-5.5827,-0.023425,-4.1305,-2.8378,-0.40133,-3.1356,-29.491999999999997,-1.1234,-22.237,-20.089000000000002,-20.359,-2.5122,0.1115,-9.0138,-0.29148,-64.008,-0.71028,-0.00060876
-14.503,-10.025,-7.289,-5.4451,0.0031395,-3.7445,-2.5649,-0.60545,-3.1284,-26.447,-1.1755,-20.237000000000002,-18.109,-16.248,-2.3985,1.1942,-11.095999999999998,-2.1145,-55.486999999999995,-1.4988,-0.00060876
-14.503,-9.9871,-7.523,-5.0827,-0.031377999999999996,-3.7769999999999997,-2.5878,-0.40133,-3.1006,-26.526999999999997,-1.124,-20.237000000000002,-18.109,-18.359,-2.3985,0.012589,-8.4005,-0.29205,-57.643,-0.70272,-0.00060876
-13.089,-9.0251,-6.5819,-4.9451,-0.0056027,-3.391,-2.3149,-0.60545,-3.1061,-23.469,-1.1765,-18.237000000000002,-16.123,-14.267999999999999,-2.2608,1.1586,-10.767999999999999,-2.1223,-48.781000000000006,-1.5122,-0.00060876
-13.089,-8.9871,-6.8159,-4.5827,-0.03756,-3.4234,-2.3378,-0.40133,-3.0769,-23.549,-1.125,-18.237000000000002,-16.123,-16.359,-2.2608,-0.0384,-8.0235,-0.29566,-50.981,-0.70173,-0.00060876
-11.675,-8.0251,-5.8748,-4.4451,-0.01265,-3.0374,-2.0649,-0.60545,-3.0899,-20.484,-1.1774,-16.237000000000002,-14.133,-12.282,-2.0991,1.1383,-10.543,-2.1297,-41.923,-1.5217,-0.00060876
-11.675,-7.9871,-6.1088,-4.0827,-0.042543,-3.0699,-2.0878,-0.40133,-3.0599,-20.565,-1.126,-16.237000000000002,-14.133,-14.359000000000002,-2.0991,-0.06787699999999999,-7.7693,-0.29944,-44.148999999999994,-0.70262,-0.00060876
-10.261,-7.0251,-5.1677,-3.9451,-0.018487,-2.6839,-1.8149,-0.60545,-3.0775,-17.495,-1.1782,-14.237,-12.140999999999998,-10.292,-1.9135,1.1259,-10.379000000000001,-2.1363,-34.966,-1.5288,-0.00060876
-10.261,-6.9871,-5.4016,-3.5827,-0.046669999999999996,-2.7163,-1.8378,-0.40133,-3.0469999999999997,-17.577,-1.1269,-14.237,-12.140999999999998,-12.359000000000002,-1.9135,-0.086319,-7.5865,-0.30280999999999997,-37.208,-0.70404,-0.00060876
-8.8465,-6.0251,-4.4606,-3.4451,-0.023425,-2.3303,-1.5649,-0.60545,-3.0679,-14.504000000000001,-1.1789,-12.237,-10.147,-8.3002,-1.704,1.1179,-10.254000000000001,-2.1419,-27.939,-1.5343,-0.00060876
-8.8465,-5.9871,-4.6945,-3.0827,-0.050162,-2.3628,-1.5878,-0.40133,-3.0369,-14.587,-1.1276,-12.237,-10.147,-10.359000000000002,-1.704,-0.098544,-7.449,-0.30571,-30.191999999999997,-0.70554,-0.00060876
-8.8465,-5.9871,-4.6677,-3.2292,-0.050162,-2.2101,-1.5028,-0.48588000000000003,-2.9774,-14.668,-1.1054,-12.237,-10.147,-10.359000000000002,-1.704,-0.92101,-5.1080000000000005,-0.09966699999999999,-32.436,-0.28562,-0.00060876
-7.4323,-5.0251,-3.7535,-2.9451,-0.027673000000000003,-1.9768,-1.3149,-0.60545,-3.06,-11.512,-1.1794,-10.237,-8.1522,-6.3064,-1.4705,1.1126,-10.156,-2.1466,-20.86,-1.5388,-0.00060876
-7.4323,-4.9871,-3.9874,-2.5827,-0.053166,-2.0092,-1.3378,-0.40133,-3.0288,-11.594000000000001,-1.1282,-10.237,-8.1522,-8.359,-1.4705,-0.10701,-7.3417,-0.30819,-23.121,-0.70697,-0.00060876
-7.4323,-4.9871,-3.9606,-2.7292,-0.053166,-1.8565,-1.2528,-0.48588000000000003,-2.9644,-11.68,-1.1064,-10.237,-8.1522,-8.359,-1.4705,-0.9560799999999999,-4.8868,-0.10332999999999999,-25.451999999999998,-0.28319,-0.00060876
-6.0181,-4.0251,-3.0463,-2.4451,-0.031377999999999996,-1.6232,-1.0649,-0.60545,-3.0536,-8.5176,-1.1799,-8.2367,-6.1563,-4.3114,-1.213,1.109,-10.077,-2.1508,-13.742,-1.5424,-0.00060876
-6.0181,-3.9871,-3.2803,-2.0827,-0.055786,-1.6557,-1.0878,-0.40133,-3.0222,-8.6002,-1.1288,-8.2367,-6.1563,-6.359,-1.213,-0.11309000000000001,-7.2558,-0.31031,-16.009,-0.70828,-0.00060876
-6.0181,-3.9871,-3.2535,-2.2292,-0.055786,-1.5030000000000001,-1.0028,-0.48588000000000003,-2.9536,-8.6901,-1.1074,-8.2367,-6.1563,-6.359,-1.213,-0.9828,-4.7076,-0.10687,-18.410999999999998,-0.28245,-0.00060876
-4.6039,-3.0251,-2.3392,-1.9451,-0.034648000000000005,-1.2697,-0.81486,-0.60545,-3.0482,-5.5226,-1.1804,-6.2367,-4.1598,-2.3155,-0.93156,1.1065,-10.012,-2.1544,-6.5925,-1.5454,-0.00060876
-4.6039,-2.9871,-2.5732,-1.5827,-0.058098000000000004,-1.3021,-0.8378,-0.40133,-3.0167,-5.6052,-1.1292,-6.2367,-4.1598,-4.359,-0.93156,-0.11757000000000001,-7.1854,-0.31214000000000003,-8.8649,-0.70945,-0.00060876
-4.6039,-2.9871,-2.5463,-1.7292,-0.058098000000000004,-1.1494,-0.7527699999999999,-0.48588000000000003,-2.9444,-5.6984,-1.1084,-6.2367,-4.1598,-4.359,-0.93156,-1.0036,-4.5595,-0.11018,-11.325999999999999,-0.28271,-0.00060876
-3.1897,-2.0251,-1.6321,-1.4451,-0.03756,-0.9161100000000001,-0.56486,-0.60545,-3.0437,-2.5267,-1.1808,-4.2367,-2.1628,-0.31901,-0.6261800000000001,1.1048,-9.9572,-2.1575,0.5816600000000001,-1.548,-0.00060876
-3.1897,-1.9871,-1.8661,-1.0827,-0.060157,-0.94855,-0.5878,-0.40133,-3.012,-2.6095,-1.1297,-4.2367,-2.1628,-2.359,-0.6261800000000001,-0.12095999999999998,-7.1267,-0.31373,-1.6945,-0.7105100000000001,-0.00060876
-3.1897,-1.9871,-1.8392,-1.2292,-0.060157,-0.79587,-0.5027699999999999,-0.48588000000000003,-2.9365,-2.7054,-1.1093,-4.2367,-2.1628,-2.359,-0.6261800000000001,-1.0202,-4.4352,-0.11325,-4.2044,-0.28355,-0.00060876
-1.7755,-1.0251,-0.9250299999999999,-0.9451200000000001,-0.040175999999999996,-0.5625600000000001,-0.31486,-0.60545,-3.0397,0.46966,-1.1811,-2.2367,-0.16532,1.6780000000000002,-0.29684,1.1035,-9.9109,-2.1602,7.7764,-1.5502,-0.00060876
-1.7755,-0.98706,-1.159,-0.58275,-0.06200700000000001,-0.595,-0.3378,-0.40133,-3.0079,0.38679,-1.13,-2.2367,-0.16532,-0.35901,-0.29684,-0.12355999999999999,-7.077000000000001,-0.31511999999999996,5.4972,-0.71146,-0.00060876
-1.7755,-0.98706,-1.1321,-0.7292,-0.06200700000000001,-0.44232,-0.25277,-0.48588000000000003,-2.9296,0.28854,-1.1101,-2.2367,-0.16532,-0.35901,-0.29684,-1.0335,-4.3295,-0.11607,2.9455,-0.28473000000000004,-0.00060876
-0.36125999999999997,-0.025069,-0.21791999999999997,-0.44511999999999996,-0.042543,-0.20901,-0.064859,-0.60545,-3.0363,3.4665,-1.1814,-0.23671,1.8325,3.6755,0.056442,1.1026,-9.871,-2.1626,14.988,-1.5521,-0.00060876
-0.36125999999999997,0.012936000000000001,-0.4519,-0.08275,-0.06368099999999999,-0.24144000000000002,-0.087797,-0.40133,-3.0044,3.3836,-1.1303,-0.23671,1.8325,1.641,0.056442,-0.1256,-7.0344,-0.31634,12.707,-0.71231,-0.00060876
-0.36125999999999997,0.012936000000000001,-0.42503,-0.2482,-0.06368099999999999,0.014791,-0.11074,-0.48588000000000003,-2.9819,3.347,-1.1163,-0.23671,1.8325,1.641,0.056442,-0.5481,-5.9628,-0.16113,11.557,-0.46297,-0.00060876
-0.36125999999999997,0.012936000000000001,-0.42503,-0.2292,-0.06368099999999999,-0.1022,0.070451,-0.48588000000000003,-2.9662,3.3266,-1.1116,-0.23671,1.8325,1.641,0.056442,-0.7449899999999999,-5.3771,-0.12618,11.030999999999999,-0.36907,-0.00060876
-0.36125999999999997,0.012936000000000001,-0.42503,-0.2292,-0.06368099999999999,-0.088762,-0.012273000000000001,-0.48588000000000003,-2.9551,3.3138,-1.1099,-0.23671,1.8325,1.641,0.056442,-0.85231,-5.0198,-0.11604,10.732000000000001,-0.3282,-0.00060876
-0.36125999999999997,0.012936000000000001,-0.42503,-0.2292,-0.06368099999999999,-0.088762,-0.0027721,-0.48588000000000003,-2.9468,3.3051,-1.1094,-0.23671,1.8325,1.641,0.056442,-0.9169,-4.785,-0.11332,10.543,-0.30844,-0.00060876
-0.36125999999999997,0.012936000000000001,-0.42503,-0.2292,-0.06368099999999999,-0.088762,-0.0027721,-0.48588000000000003,-2.9255,3.2849,-1.1106,-0.23671,1.8325,1.641,0.056442,-1.0366,-4.2779,-0.11771,10.149,-0.28651,-0.00060876
-0.36125999999999997,0.012936000000000001,-0.42503,-0.2292,-0.06368099999999999,-0.088762,-0.0027721,-0.48588000000000003,-2.9236,3.2833,-1.1109,-0.23671,1.8325,1.641,0.056442,-1.0445,-4.2384,-0.11867,10.119,-0.2861,-0.00060876
1.053,0.97493,0.48918999999999996,0.054877999999999996,-0.044698,0.14455,0.18514,-0.60545,-3.0333,6.4638,-1.1817,1.7633,3.8305,5.6732,0.43368,1.102,-9.8364,-2.1648,22.215,-1.5537,-0.00060876
1.053,1.0129,0.25521,0.41725,-0.065204,0.11210999999999999,0.1622,-0.40133,-3.0014,6.3808,-1.1306,1.7633,3.8305,3.641,0.43368,-0.12722,-6.9975,-0.31743000000000005,19.930999999999997,-0.71308,-0.00060876
1.053,1.0129,0.28208,0.2518,-0.065204,0.36834,0.13926,-0.48588000000000003,-2.9787,6.3442,-1.1166,1.7633,3.8305,3.641,0.43368,-0.55018,-5.9242,-0.16215,18.78,-0.46376000000000006,-0.00060876
1.053,1.0129,0.28208,0.2708,-0.065204,0.25135,0.32045,-0.48588000000000003,-2.963,6.3237,-1.1119,1.7633,3.8305,3.641,0.43368,-0.74738,-5.3369,-0.12722,18.253,-0.36993000000000004,-0.00060876
1.053,1.0129,0.28208,0.2708,-0.065204,0.26479,0.23773000000000002,-0.48588000000000003,-2.9518,6.3108,-1.1102,1.7633,3.8305,3.641,0.43368,-0.85498,-4.978,-0.11713,17.953,-0.32913000000000003,-0.00060876
1.053,1.0129,0.28208,0.2708,-0.065204,0.26479,0.24723,-0.48588000000000003,-2.9212,6.2812,-1.1112,1.7633,3.8305,3.641,0.43368,-1.0421,-4.2181,-0.11949000000000001,17.357,-0.28791,-0.00060876
1.053,1.0129,0.28208,0.2708,-0.065204,0.26479,0.24723,-0.48588000000000003,-2.9183,6.2787,-1.1116,1.7633,3.8305,3.641,0.43368,-1.0536,-4.1592,-0.12105,17.312,-0.28757,-0.00060876
2.4672,1.9749,1.1963,0.55488,-0.046669999999999996,0.4981,0.43513999999999997,-0.60545,-3.0306,9.4614,-1.1819,3.7633,5.8288,7.6713,0.8348700000000001,1.1015,-9.806000000000001,-2.1667,29.454,-1.5552,-0.00060876
2.4672,2.0129,0.96231,0.91725,-0.066599,0.46566,0.4122,-0.40133,-2.9987,9.3784,-1.1309,3.7633,5.8288,5.641,0.8348700000000001,-0.12852,-6.9652,-0.3184,27.168000000000003,-0.71378,-0.00060876
2.4672,2.0129,0.98919,0.7708,-0.066599,0.61834,0.49723,-0.48588000000000003,-2.9135,9.2746,-1.1122,3.7633,5.8288,5.641,0.8348700000000001,-1.0612,-4.0896,-0.12322999999999999,24.522,-0.28908,-0.00060876
-5.1479,-3.5932,-2.6585,-1.6889,0.0019489000000000002,-1.4096,-0.93675,0.0069223,-0.53743,-10.209,-0.17132,-7.2367,-6.8862,-7.1923,-1.2046,0.19784000000000002,-2.2813,0.093904,-22.916,-0.14606,-0.00040334
-4.4408,-3.0932,-2.278,-1.5853,-0.00036277,-1.0876,-0.69806,-0.07762899999999999,-0.49132,-8.7639,-0.16264,-6.2367,-5.898,-6.1622,-1.0669,-0.29652,-0.7593300000000001,0.25674,-20.897,0.10607,0.00026779
-3.7337,-2.5932,-1.9514,-1.1889,-0.0025421999999999997,-1.0561,-0.68675,0.0069223,-0.52531,-7.2246,-0.16798,-5.2367,-4.909,-5.2052,-0.92314,0.099889,-1.9615,0.10740999999999999,-15.959000000000001,-0.11319000000000001,-0.00048516
-3.7337,-2.5932,-1.9514,-1.1889,-0.0025421999999999997,-1.0561,-0.68675,0.0069223,-0.52694,-7.2273,-0.16359,-5.2367,-4.909,-5.2052,-0.92314,0.049713,-1.8986,0.1235,-16.004,-0.086998,-0.00054998
-3.7337,-2.5932,-1.9245,-1.3353,-0.0025421999999999997,-0.91681,-0.5285,-0.07762899999999999,-0.48595,-7.2781,-0.15385,-5.2367,-4.909,-5.2052,-0.92314,-0.45661999999999997,-0.40506,0.28714,-17.558,0.18687,-0.00017254
-3.7337,-2.5932,-1.9245,-1.3353,-0.0025421999999999997,-0.91681,-0.5285,-0.07762899999999999,-0.49438999999999994,-7.2791,-0.14438,-5.2367,-4.909,-5.2052,-0.92314,-0.53787,-0.37796,0.31727,-17.574,0.24786999999999998,-0.00048856
-3.7337,-2.5932,-1.9245,-1.3353,-0.0025421999999999997,-0.8974200000000001,-0.64628,-0.07762899999999999,-0.46337,-7.2933,-0.16122,-5.2367,-4.909,-5.2052,-0.92314,-0.49728,-0.008063200000000001,0.26905999999999997,-17.905,0.16527999999999998,0.00031264
-3.0265,-2.1312,-1.3638,-1.3013,0.01841,-0.84088,-0.59112,-0.1972,-0.57,-5.6135,-0.23435,-4.2367,-3.9192,-2.359,-0.77342,1.6654,-5.5135,-1.8823,-9.5318,-1.031,-0.0027263
-3.0265,-2.0932,-1.5709,-1.1044,-0.004601600000000001,-0.6170899999999999,-0.6292399999999999,-0.07762899999999999,-0.50238,-5.747000000000001,-0.16852,-4.2367,-3.9192,-4.1766,-0.77342,-0.08849,-1.3172,0.21411999999999998,-13.183,0.010628,0.00015037
-3.0265,-2.0932,-1.5709,-1.0853,-0.004601600000000001,-0.74003,-0.4035,-0.07762899999999999,-0.48149,-5.7819,-0.15448,-4.2367,-3.9192,-4.1766,-0.77342,-0.46383,-0.33947,0.28499,-14.002,0.18558,-0.00017487
-3.0265,-2.0932,-1.5709,-1.0853,-0.004601600000000001,-0.72064,-0.53078,-0.07762899999999999,-0.46876999999999996,-5.7868,-0.16227,-4.2367,-3.9192,-4.1766,-0.77342,-0.43116000000000004,-0.21484,0.26375,-14.130999999999998,0.14407,0.00029469
-3.0265,-2.0932,-1.5709,-1.0853,-0.004601600000000001,-0.72064,-0.52128,-0.07762899999999999,-0.45871000000000006,-5.7973,-0.16188,-4.2367,-3.9192,-4.1766,-0.77342,-0.50507,0.061375,0.26674000000000003,-14.352,0.16384,0.00030722
-2.3194,-1.5932,-1.2443,-0.6889,-0.0065516,-0.69655,-0.4813,0.0069223,-0.5271399999999999,-4.2076,-0.18315,-3.2367,-2.9287,-3.2162,-0.6177199999999999,0.36739,-2.4764,0.044063,-8.3571,-0.2325,-0.00024193
-2.3194,-1.5932,-1.2443,-0.6889,-0.0065516,-0.7025,-0.43675,0.0069223,-0.5162,-4.2367,-0.16497,-3.2367,-2.9287,-3.2162,-0.6177199999999999,0.025480000000000003,-1.7249,0.11846,-8.9208,-0.088003,-0.00055083
-2.3194,-1.5932,-1.2174,-0.83535,-0.0065516,-0.56325,-0.2785,-0.07762899999999999,-0.47744,-4.2854,-0.15506,-3.2367,-2.9287,-3.2162,-0.6177199999999999,-0.46992,-0.28097,0.28301,-10.436,0.18427000000000002,-0.00017702
-2.3194,-1.5932,-1.2174,-0.83535,-0.0065516,-0.56325,-0.2785,-0.07762899999999999,-0.48095,-4.2911,-0.14586,-3.2367,-2.9287,-3.2162,-0.6177199999999999,-0.57904,-0.13622,0.31208,-10.543,0.2502,-0.00048984
-2.3194,-1.5932,-1.2174,-0.83535,-0.0065516,-0.56325,-0.2785,-0.07762899999999999,-0.4976,-4.2767,-0.14353,-3.2367,-2.9287,-3.2162,-0.6177199999999999,-0.50205,-0.50717,0.31911,-10.252,0.24145,-0.00054092
-2.3194,-1.5932,-1.2174,-0.83535,-0.0065516,-0.54982,-0.35172,-0.07762899999999999,-0.45671999999999996,-4.3161,-0.14501,-3.2367,-2.9287,-3.2162,-0.6177199999999999,-0.7667,0.55429,0.32216,-11.112,0.30966,-0.00043033
-1.6123,-1.1312,-0.65672,-0.80128,0.013803,-0.48733000000000004,-0.34112,-0.1972,-0.56385,-2.6188,-0.23519,-2.2367,-1.9376,-0.35901,-0.45603,1.6612,-5.4351,-1.8869999999999998,-2.3678,-1.0346,-0.0027202
-1.6123,-1.1312,-0.65672,-0.80128,0.013803,-0.49328,-0.28881,-0.1972,-0.54776,-2.6496,-0.22053000000000003,-2.2367,-1.9376,-0.35901,-0.45603,1.3245,-4.6617,-1.7688,-2.9539,-0.9393799999999999,-0.001172
-1.6123,-1.0932,-0.86382,-0.60435,-0.0084014,-0.26949,-0.33469,-0.07762899999999999,-0.49173,-2.766,-0.16017,-2.2367,-1.9376,-2.189,-0.45603,-0.26705,-0.86424,0.245,-6.2987,0.090834,-0.0002286
-1.6123,-1.0932,-0.86382,-0.58535,-0.0084014,-0.38648000000000005,-0.1535,-0.07762899999999999,-0.47318000000000005,-2.7963,-0.14842,-2.2367,-1.9376,-2.189,-0.45603,-0.5814,-0.033202999999999996,0.30391,-7.0087,0.23938,-0.00044144
-1.6123,-1.0932,-0.86382,-0.58535,-0.0084014,-0.37304,-0.22671999999999998,-0.07762899999999999,-0.45177,-2.8124,-0.15367999999999998,-2.2367,-1.9376,-2.189,-0.45603,-0.65833,0.41723999999999994,0.29424,-7.3911,0.24256,-0.00015678
-0.90523,-0.59322,-0.53714,-0.1889,-0.010159,-0.34299,-0.2313,0.0069223,-0.5211899999999999,-1.2127,-0.18398,-1.2367,-0.9459,-1.2257,-0.28835,0.36194,-2.3982,0.040999,-1.1865,-0.23476,-0.00024636
-0.90523,-0.59322,-0.53714,-0.1889,-0.010159,-0.34895,-0.18675,0.0069223,-0.5080399999999999,-1.2421,-0.16774,-1.2367,-0.9459,-1.2257,-0.28835,0.033128,-1.6393,0.10855999999999999,-1.7563,-0.10016,-0.0005283999999999999
-0.90523,-0.59322,-0.51027,-0.33535,-0.010159,-0.2097,-0.028501,-0.07762899999999999,-0.46901000000000004,-1.2972,-0.15163,-1.2367,-0.9459,-1.2257,-0.28835,-0.55286,-0.033073000000000005,0.29388000000000003,-3.3926,0.21888000000000002,-0.00035554
-0.90523,-0.59322,-0.51027,-0.33535,-0.010159,-0.2097,-0.028501,-0.07762899999999999,-0.47426999999999997,-1.2978,-0.1458,-1.2367,-0.9459,-1.2257,-0.28835,-0.60126,-0.020057,0.31181,-3.4007,0.25489,-0.00052123
-0.90523,-0.59322,-0.51027,-0.33535,-0.010159,-0.19626,-0.10172,-0.07762899999999999,-0.45082,-1.3203,-0.14674,-1.2367,-0.9459,-1.2257,-0.28835,-0.75531,0.59521,0.31576,-3.9072,0.29759,-0.00043352
-0.19812000000000002,-0.13122,0.05039,-0.30128,0.0096429,-0.13377999999999998,-0.091124,-0.1972,-0.5585600000000001,0.37661,-0.23592,-0.23671,0.046291000000000006,1.641,-0.11469000000000001,1.6581,-5.3688,-1.891,4.8186,-1.0379,-0.0027148000000000003
-0.19812000000000002,-0.13122,0.05039,-0.30128,0.0096429,-0.13973,-0.038812,-0.1972,-0.5418,0.34531999999999996,-0.22139,-0.23671,0.046291000000000006,1.641,-0.11469000000000001,1.3192,-4.5829,-1.7732,4.2233,-0.94281,-0.0011702
-0.19812000000000002,-0.13122,0.05039,-0.30128,0.0096429,-0.13973,-0.038812,-0.1972,-0.5380199999999999,0.3393,-0.21914,-0.23671,0.046291000000000006,1.641,-0.11469000000000001,1.2642,-4.4446,-1.7562,4.1199,-0.9295100000000001,-0.00096947
-0.19812000000000002,-0.093217,-0.18359,0.061097000000000005,-0.011833,-0.16622,-0.1063,0.0069223,-0.51854,0.28503,-0.18436,-0.23671,0.046291000000000006,-0.1998,-0.11469000000000001,0.35971,-2.3639,0.039617,2.4072,-0.23581,-0.00024835
-0.19812000000000002,-0.093217,-0.15672,-0.10435,-0.011833,0.084067,-0.084687,-0.07762899999999999,-0.48557,0.22878,-0.16108,-0.23671,0.046291000000000006,-0.1998,-0.11469000000000001,-0.27416999999999997,-0.78028,0.24191999999999997,0.87424,0.088491,-0.00023169999999999997
-0.19812000000000002,-0.093217,-0.15672,-0.08535,-0.011833,-0.013534000000000001,-0.030780000000000002,-0.07762899999999999,-0.45481000000000005,0.20127,-0.16433,-0.23671,0.046291000000000006,-0.1998,-0.11469000000000001,-0.4494,-0.018969999999999997,0.25669000000000003,0.18109,0.13874,0.00027817
0.5089899999999999,0.40678000000000003,0.16996,0.3111,-0.013429,0.010561,0.018696,0.0069223,-0.51607,1.7829,-0.18470999999999999,0.7632899999999999,1.0389,0.76599,0.064965,0.35775,-2.3321,0.038324000000000004,6.0056,-0.23681,-0.00025022
0.5089899999999999,0.40678000000000003,0.16996,0.3111,-0.013429,0.004607899999999999,0.06325,0.0069223,-0.5017199999999999,1.7525,-0.16869,0.7632899999999999,1.0389,0.76599,0.064965,0.025022,-1.5511,0.10520999999999998,5.4194,-0.10250999999999999,-0.00052926
0.5089899999999999,0.40678000000000003,0.16996,0.3111,-0.013429,0.004607899999999999,0.06325,0.0069223,-0.50062,1.75,-0.16724,0.7632899999999999,1.0389,0.76599,0.064965,-0.0010048,-1.4922,0.11035999999999999,5.3756,-0.09235800000000001,-0.00055224
0.5089899999999999,0.40678000000000003,0.19684000000000001,0.16465,-0.013429,0.14385,0.2215,-0.07762899999999999,-0.46251000000000003,1.6973,-0.15262,0.7632899999999999,1.0389,0.76599,0.064965,-0.56186,0.0591,0.29056,3.7803,0.21643,-0.00035764
0.5089899999999999,0.40678000000000003,0.19684000000000001,0.16465,-0.013429,0.14385,0.2215,-0.07762899999999999,-0.46243,1.693,-0.14845,0.7632899999999999,1.0389,0.76599,0.064965,-0.61987,0.16126,0.30313,3.7039999999999997,0.2471,-0.0004923
0.5089899999999999,0.40678000000000003,0.19684000000000001,0.16465,-0.013429,0.16324,0.10372,-0.07762899999999999,-0.44088,1.6876,-0.16455,0.7632899999999999,1.0389,0.76599,0.064965,-0.5298,0.3151,0.25756,3.5392,0.15695,0.00028559
0.5089899999999999,0.40678000000000003,0.19684000000000001,0.16465,-0.013429,0.15729,0.14828,-0.07762899999999999,-0.43027,1.6605,-0.14811,0.7632899999999999,1.0389,0.76599,0.064965,-0.85106,1.0387,0.31133,2.9906,0.31356,-0.00043431
1.2161,0.8687799999999999,0.7575,0.19872,0.005862600000000001,0.21381999999999998,0.21119000000000002,-0.1972,-0.54342,3.352,-0.22646,1.7633,2.032,3.641,0.2506,1.4221,-4.7813,-1.8109,11.620999999999999,-0.97349,-0.0015918
1.2161,0.9067799999999999,0.5503899999999999,0.39565,-0.014952000000000002,0.44356999999999996,0.12075999999999999,-0.07762899999999999,-0.48486999999999997,3.238,-0.17104,1.7633,2.032,1.7907,0.2506,-0.10647999999999999,-1.0831,0.20538,8.3466,0.0038699,0.00013208
1.2161,0.9067799999999999,0.5503899999999999,0.41465,-0.014952000000000002,0.34002,0.21921999999999997,-0.07762899999999999,-0.44936000000000004,3.1966,-0.16516,1.7633,2.032,1.7907,0.2506,-0.45537,0.054919,0.25387,7.3733,0.13639,0.00027156
1.2161,0.9067799999999999,0.5503899999999999,0.41465,-0.014952000000000002,0.34002,0.22871999999999998,-0.07762899999999999,-0.42957,3.177,-0.16526,1.7633,2.032,1.7907,0.2506,-0.5839,0.56298,0.25551,6.9717,0.16555,0.00028389
1.2161,0.9067799999999999,0.5503899999999999,0.41465,-0.014952000000000002,0.33407,0.27328,-0.07762899999999999,-0.43228,3.161,-0.14661,1.7633,2.032,1.7907,0.2506,-0.8509200000000001,1.0041,0.31579,6.6441,0.32028,-0.00048597
1.2161,0.9067799999999999,0.5503899999999999,0.41465,-0.014952000000000002,0.34002,0.22871999999999998,-0.07762899999999999,-0.40919,3.1585,-0.16715,1.7633,2.032,1.7907,0.2506,-0.6812199999999999,1.013,0.24841999999999997,6.6269,0.17583,0.00027216
1.9232,1.4068,0.8770700000000001,0.8111,-0.016409,0.35816,0.31325,0.0069223,-0.50441,4.7625,-0.17595,2.7633,3.0255,2.7586,0.44223,0.16,-1.831,0.077183,12.882,-0.15769,-0.00041504
1.9232,1.4068,0.8770700000000001,0.8111,-0.016409,0.35816,0.31325,0.0069223,-0.49473999999999996,4.745,-0.16816,2.7633,3.0255,2.7586,0.44223,-0.008753700000000001,-1.4095,0.10715999999999999,12.565999999999999,-0.09463200000000001,-0.0005528
1.9232,1.4068,0.90394,0.66465,-0.016409,0.49741,0.4715,-0.07762899999999999,-0.45569,4.6873,-0.14951,2.7633,3.0255,2.7586,0.44223,-0.63105,0.26119000000000003,0.29959,10.882,0.24475999999999998,-0.00049331
1.9232,1.4068,0.90394,0.66465,-0.016409,0.49741,0.4715,-0.07762899999999999,-0.45679,4.6872,-0.1483,2.7633,3.0255,2.7586,0.44223,-0.64085,0.26331,0.30319,10.88,0.25194,-0.00052298
1.9232,1.4068,0.90394,0.66465,-0.016409,0.51084,0.39828,-0.07762899999999999,-0.43545,4.6667,-0.1491,2.7633,3.0255,2.7586,0.44223,-0.7838,0.83015,0.30778,10.411,0.29283000000000003,-0.00043686
1.9232,1.4068,0.90394,0.66465,-0.016409,0.51084,0.39828,-0.07762899999999999,-0.42503,4.6545,-0.14737999999999998,2.7633,3.0255,2.7586,0.44223,-0.8781100000000001,1.1462,0.3131,10.163,0.3227,-0.00048660000000000006
2.6303,1.8688,1.4646,0.69872,0.0024074,0.56738,0.46119,-0.1972,-0.5322399999999999,6.3372,-0.22280999999999998,3.7633,4.0193,5.641,0.63985,1.3122,-4.4604,-1.7804,18.637,-0.9486399999999999,-0.0011673
2.6303,1.9068,1.2575,0.89565,-0.017804,0.7911699999999999,0.41531,-0.07762899999999999,-0.46881000000000006,6.2056,-0.15465,3.7633,4.0193,3.7822,0.63985,-0.43716000000000005,-0.28947,0.26268,15.011,0.15086,-0.00050652
2.6303,1.9068,1.2575,0.91465,-0.017804,0.69357,0.46921999999999997,-0.07762899999999999,-0.44464,6.1927,-0.16589,3.7633,4.0193,3.7822,0.63985,-0.46003999999999995,0.1177,0.25140999999999997,14.584000000000001,0.13424,0.0002658
2.6303,1.9068,1.2575,0.91465,-0.017804,0.69357,0.47872,-0.07762899999999999,-0.42436999999999997,6.1726,-0.1661,3.7633,4.0193,3.7822,0.63985,-0.58983,0.6341600000000001,0.2527,14.175999999999998,0.16310999999999998,0.00027725
2.6303,1.9068,1.2575,0.91465,-0.017804,0.68762,0.52328,-0.07762899999999999,-0.41513,6.1475,-0.15029,3.7633,4.0193,3.7822,0.63985,-0.89046,1.2966,0.30377,13.679,0.31169,-0.00043731
2.6303,1.9068,1.2575,0.91465,-0.017804,0.69357,0.47872,-0.07762899999999999,-0.40289,6.1533,-0.16823,3.7633,4.0193,3.7822,0.63985,-0.68957,1.1023,0.24472,13.818,0.17262,0.00026351
3.3374,2.4068,1.5842,1.3111,-0.019141,0.71767,0.5187,0.0069223,-0.5077,7.7758,-0.18592999999999998,4.7633,5.0135,4.7521,0.84345,0.35186999999999996,-2.2262,0.033884,20.441,-0.24034,-0.00025663
3.3374,2.4068,1.5842,1.3111,-0.019141,0.7117100000000001,0.56325,0.0069223,-0.48973,7.7408,-0.16896,4.7633,5.0135,4.7521,0.84345,-0.014513,-1.3409,0.10438,19.777,-0.09677000000000001,-0.0005533
3.3374,2.4068,1.611,1.1647,-0.019141,0.8569100000000001,0.67694,-0.07762899999999999,-0.4578,7.7074,-0.16752,4.7633,5.0135,4.7521,0.84345,-0.33562,-0.30033000000000004,0.24,18.561,0.093174,0.00022964
3.3374,2.4068,1.611,1.1647,-0.019141,0.85096,0.7215,-0.07762899999999999,-0.45043999999999995,7.6819,-0.14932,4.7633,5.0135,4.7521,0.84345,-0.65163,0.35819,0.29975999999999997,18.072,0.24966999999999998,-0.00052369
3.3374,2.4068,1.611,1.1647,-0.019141,0.8644,0.64828,-0.07762899999999999,-0.42965,7.6618,-0.15005,4.7633,5.0135,4.7521,0.84345,-0.7923,0.9137,0.30464,17.611,0.29038,-0.00043819999999999997
3.3374,2.4068,1.611,1.1647,-0.019141,0.8644,0.64828,-0.07762899999999999,-0.42003999999999997,7.6507,-0.1485,4.7633,5.0135,4.7521,0.84345,-0.87784,1.2012,0.30935999999999997,17.386,0.31724,-0.00048783
4.0445,2.8688,2.1717,1.1987,-0.00076676,0.9209299999999999,0.71119,-0.1972,-0.52366,9.3271,-0.22134,5.7633,6.007999999999999,7.641,1.053,1.2523,-4.2572,-1.7671,25.752,-0.9381700000000001,-0.00096635
4.0445,2.9068,1.9646,1.4147,-0.020424,1.0277,0.8465,-0.07762899999999999,-0.44753999999999994,9.1805,-0.15084,5.7633,6.007999999999999,5.7747,1.053,-0.64239,0.37709000000000004,0.29519,21.691999999999997,0.24135,-0.00049457
4.0445,2.9068,1.9646,1.4147,-0.020424,1.0412,0.77328,-0.07762899999999999,-0.40648,9.1403,-0.15165,5.7633,6.007999999999999,5.7747,1.053,-0.91069,1.4389,0.29912,20.839000000000002,0.30961,-0.00043919
4.7516,3.4068,2.2913,1.8111,-0.021657,1.0653,0.81325,0.0069223,-0.4854,10.737,-0.16965999999999998,6.7633,7.0027,6.7463,1.2686,-0.01891,-1.2830000000000001,0.10197,27.004,-0.098739,-0.00055373
4.7516,3.4068,2.3182,1.6647,-0.021657,1.2105,0.92694,-0.07762899999999999,-0.45408000000000004,10.704,-0.16809000000000002,6.7633,7.0027,6.7463,1.2686,-0.33859,-0.25253000000000003,0.23808,25.795,0.09144400000000001,0.00022526
4.7516,3.4068,2.3182,1.6647,-0.021657,1.2045,0.9715,-0.07762899999999999,-0.44523,10.679,-0.15122,6.7633,7.0027,6.7463,1.2686,-0.64523,0.40915999999999997,0.29393,25.304000000000002,0.24028000000000002,-0.00049494
4.7516,3.4068,2.3182,1.6647,-0.021657,1.218,0.89828,-0.07762899999999999,-0.40523000000000003,10.638,-0.15104,6.7633,7.0027,6.7463,1.2686,-0.92086,1.4692,0.30084,24.453000000000003,0.31467,-0.00046773
5.4587,3.9068,2.6717,1.9147,-0.022843000000000002,1.3813,1.0965,-0.07762899999999999,-0.44306999999999996,12.177,-0.15159,7.7633,7.9977,7.7679,1.4902,-0.64772,0.43864,0.29275,28.92,0.23925,-0.00049528
-3.5705,-2.6994,-1.6562,-1.2105,0.05519299999999999,-0.71863,-0.77275,0.33061999999999997,1.9889,-10.344000000000001,0.77051,-5.2367,-6.4728,-6.8158,-1.0496,0.43321000000000004,3.3845,0.5624,-27.1,0.43263,0.00096256
-2.8634,-2.1994,-1.3026,-0.9415,0.052012,-0.65885,-0.46656000000000003,0.33061999999999997,2.0153,-8.8741,0.7742,-4.2367,-5.4971,-5.8029,-0.9057,0.20063,4.1677,0.59855,-24.174,0.52081,0.0010726
-2.1563,-1.6994,-0.9490700000000001,-0.7105100000000001,0.049004,-0.36508,-0.52275,0.33061999999999997,2.0015,-7.3546,0.76855,-3.2367,-4.5198,-4.8525,-0.7558699999999999,0.41076999999999997,3.5764,0.5553100000000001,-20.037,0.42846000000000006,0.00094195
-1.4492,-1.1994,-0.62239,-0.29506,0.046153,-0.44454,-0.37481,0.41517,1.9769999999999999,-5.8153,0.75368,-2.2367,-3.5411,-3.839,-0.60006,0.8687600000000001,2.4199,0.37999,-15.214,0.19016,0.00050103
-0.7420899999999999,-0.6993699999999999,-0.24195999999999998,-0.21051,0.046153,-0.011528,-0.27275,0.33061999999999997,2.0118,-4.3632,0.76686,-1.2367,-2.5611,-2.8845,-0.43827,0.39513000000000004,3.7273,0.54924,-12.927999999999999,0.42425,0.00092424
-0.034982,-0.19937,0.084718,0.20494,0.046153,-0.090987,-0.12480999999999999,0.41517,1.9858,-2.8226,0.75222,-0.23671,-1.58,-1.8707,-0.2705,0.8578100000000001,2.543,0.3746,-8.0767,0.18619000000000002,0.00048796
-0.034982,-0.19937,0.1235,-0.030612,0.040872000000000006,0.215,0.08641,0.2557,2.0459,-2.9023,0.77186,-0.23671,-1.58,-1.8707,-0.2705,0.20234000000000002,4.4729,0.6080800000000001,-10.072000000000001,0.49667,0.0021189
0.6721199999999999,0.30063,0.46513999999999994,0.3085,0.038419,0.23251999999999998,0.12027,0.33061999999999997,2.0565,-1.4304,0.78933,0.7632899999999999,-0.59773,-0.9127299999999999,-0.096742,-0.23872,5.4778,0.65776,-7.117000000000001,0.6940000000000001,0.00054829
1.3792,0.8006300000000001,0.79182,0.70494,0.036079,0.26256999999999997,0.12519,0.41517,1.9932,0.1713,0.7509399999999999,1.7633,0.3855,0.1012,0.08299400000000001,0.8496799999999999,2.6448,0.36995,-0.9108299999999999,0.18256,0.00047667
1.3792,0.8006300000000001,0.8187,0.5585,0.036079,0.39586,0.32799,0.33061999999999997,2.0506,0.078087,0.78677,1.7633,0.3855,0.1012,0.08299400000000001,-0.14188,5.204,0.64376,-3.2588,0.65262,0.00052905
1.3792,0.8006300000000001,0.8187,0.5585,0.036079,0.4093,0.25477,0.33061999999999997,2.0725,0.060520000000000004,0.78241,1.7633,0.3855,0.1012,0.08299400000000001,-0.23396999999999998,5.6889,0.63597,-3.6668,0.66361,0.00070351
1.3792,0.8006300000000001,0.8187,0.5585,0.036079,0.41525,0.21020999999999998,0.33061999999999997,2.0951,0.051031,0.76927,1.7633,0.3855,0.1012,0.08299400000000001,-0.17338,5.8952,0.58937,-3.8402,0.5835100000000001,0.0010561
2.0863,1.2626,1.3794,0.5925699999999999,0.054658000000000005,0.45988,0.36224,0.21105,1.9738,1.714,0.72764,2.7633,1.3696,2.7586,0.26871,1.5887,0.86421,-1.4,4.2099,-0.41312,-0.00089201
2.0863,1.3006,1.1723,0.7894899999999999,0.033843,0.68963,0.27181,0.33061999999999997,2.0379,1.5961,0.78142,2.7633,1.3696,1.0622,0.26871,0.053225,4.6574,0.6049399999999999,0.86264,0.55965,0.00048829
2.0863,1.3006,1.1723,0.8085,0.033843,0.58607,0.37027,0.33061999999999997,2.0674,1.5606,0.7874800000000001,2.7633,1.3696,1.0622,0.26871,-0.26015,5.6487,0.65128,0.0027635999999999997,0.68991,0.00053371
2.0863,1.3006,1.1723,0.8085,0.033843,0.5920300000000001,0.33521,0.33061999999999997,2.1025,1.5448,0.7681100000000001,2.7633,1.3696,1.0622,0.26871,-0.19208,6.0209,0.58516,-0.3095,0.5816899999999999,0.0010436
2.7934,1.8006,1.4989,1.2049,0.031702999999999995,0.61017,0.41973999999999995,0.41517,1.9983,3.1492,0.76789,3.7633,2.3546,2.0762,0.46042,0.57855,3.1776,0.43212,5.9507,0.32004,-2.6960999999999998e-05
2.7934,1.8006,1.5258,1.0585,0.031702999999999995,0.74941,0.57799,0.33061999999999997,2.0596,3.0706,0.78518,3.7633,2.3546,2.0762,0.46042,-0.15684,5.3395,0.63821,3.8930000000000002,0.64853,0.00051654
2.7934,1.8006,1.5258,1.0585,0.031702999999999995,0.7688,0.46021000000000006,0.33061999999999997,2.082,3.0645,0.76899,3.7633,2.3546,2.0762,0.46042,-0.068713,5.5112,0.588,3.7139,0.56162,0.0010467
2.7934,1.8006,1.5258,1.0585,0.031702999999999995,0.7688,0.46021000000000006,0.33061999999999997,2.1064,3.0417,0.76731,3.7633,2.3546,2.0762,0.46042,-0.1958,6.0737,0.5823699999999999,3.2794,0.57887,0.0010348
3.5006,2.2626,2.0865,1.0926,0.049865,0.81343,0.61224,0.21105,1.9811,4.708,0.72634,4.7633,3.3404,4.7521,0.6581,1.5798,0.9662799999999999,-1.4056,11.392000000000001,-0.4175,-0.00089362
3.5006,2.3006,1.8794,1.2895,0.029654000000000003,1.0491,0.47725,0.33061999999999997,2.0339,4.6185,0.763,4.7633,3.3404,3.0398,0.6581,0.3688,4.035,0.53564,8.5837,0.41331,0.00088442
3.5006,2.3006,1.8794,1.3085,0.029654000000000003,0.93963,0.62027,0.33061999999999997,2.0763,4.5533,0.78589,4.7633,3.3404,3.0398,0.6581,-0.27514,5.7831,0.64573,7.1603,0.68576,0.00052117
3.5006,2.3006,1.8794,1.3085,0.029654000000000003,0.94558,0.58521,0.33061999999999997,2.095,4.5525,0.7679,4.7633,3.3404,3.0398,0.6581,-0.12678,5.7888,0.58462,7.1296,0.56868,0.0010384
3.5006,2.3006,1.8794,1.3085,0.029654000000000003,0.94558,0.58521,0.33061999999999997,2.1136,4.5356,0.76615,4.7633,3.3404,3.0398,0.6581,-0.21445,6.1981,0.57816,6.8161,0.57701,0.0010224
4.2077,2.8006,2.206,1.7049,0.027688,0.96372,0.66974,0.41517,2.0046,6.1441,0.76677,5.7633,4.3268,4.0537,0.86177,0.5716100000000001,3.2629,0.42818999999999996,13.149000000000001,0.31686,-3.1938000000000005e-05
4.2077,2.8006,2.2329,1.5585,0.027688,1.1089,0.7834399999999999,0.33061999999999997,2.0594,6.0893,0.76669,5.7633,4.3268,4.0537,0.86177,0.1355,4.8107,0.57204,11.547,0.50113,0.00099158
4.2077,2.8006,2.2329,1.5585,0.027688,1.1224,0.71021,0.33061999999999997,2.0889,6.0588,0.76772,5.7633,4.3268,4.0537,0.86177,-0.077388,5.6088,0.58357,10.904000000000002,0.5578,0.0010329
4.2077,2.8006,2.2329,1.5585,0.027688,1.1224,0.71021,0.33061999999999997,2.12,6.0303,0.76507,5.7633,4.3268,4.0537,0.86177,-0.2294,6.3048,0.57423,10.369000000000002,0.57481,0.0010107
4.2077,2.8006,2.2329,1.5585,0.027688,1.1164,0.7547699999999999,0.33061999999999997,2.1124,6.0252,0.77784,5.7633,4.3268,4.0537,0.86177,-0.38265,6.4725,0.6201399999999999,10.249,0.67398,0.00067262
4.9148,3.3006,2.5865,1.7895,0.025800999999999998,1.3967,0.77181,0.33061999999999997,2.0374,7.598,0.7800600000000001,6.7633,5.3139,5.0197,1.0714,0.10257999999999999,4.5392,0.59628,15.48,0.55371,0.00037405
4.9148,3.3006,2.5865,1.8085,0.025800999999999998,1.2991,0.83521,0.33061999999999997,2.1018,7.547000000000001,0.76662,6.7633,5.3139,5.0197,1.0714,-0.13545,5.8853,0.58019,14.324000000000002,0.56482,0.0010247
4.9148,3.3006,2.5865,1.8085,0.025800999999999998,1.2991,0.83521,0.33061999999999997,2.1258,7.5256,0.76405,6.7633,5.3139,5.0197,1.0714,-0.24158000000000002,6.3974,0.57058,13.934000000000001,0.57245,0.00099978
5.6219,3.8006,2.9131,2.2049,0.023986,1.3173,0.91974,0.41517,2.0099,9.1397,0.76579,7.7633,6.3017,6.0335,1.2871,0.5662699999999999,3.3352,0.42473999999999995,20.366,0.31396,-3.6332e-05
5.6219,3.8006,2.94,2.0585,0.023986,1.4565,1.078,0.33061999999999997,2.0736,9.0592,0.78258,7.7633,6.3017,6.0335,1.2871,-0.17594,5.5402,0.62931,18.276,0.6410899999999999,0.00049655
5.6219,3.8006,2.94,2.0585,0.023986,1.464,1.0493,0.33061999999999997,2.0918,9.0342,0.78937,7.7633,6.3017,6.0335,1.2871,-0.4203,6.2452,0.66041,17.71,0.74366,0.00028250000000000004
5.6219,3.8006,2.94,2.0585,0.023986,1.4759,0.96021,0.33061999999999997,2.1309,9.0214,0.7631100000000001,7.7633,6.3017,6.0335,1.2871,-0.25164000000000003,6.4786,0.56721,17.51,0.57004,0.00098968
6.329,4.3006,3.2936,2.3085,0.02224,1.6527,1.0852,0.33061999999999997,2.1355,10.517999999999999,0.76223,8.7633,7.29,7.0015,1.5087,-0.26006999999999997,6.5506,0.5641,21.094,0.56765,0.00098032
7.0361,4.8006,3.6471,2.5585,0.02224,1.8101,1.328,0.33061999999999997,2.0792,12.055,0.78152,9.7633,8.2788,8.0151,1.7363,-0.18227000000000002,5.617000000000001,0.6257199999999999,25.497,0.63784,0.00048852
7.0361,4.8006,3.6471,2.5585,0.020559,1.8295,1.2102,0.33061999999999997,2.1398,12.014000000000001,0.76142,9.7633,8.2788,8.0151,1.7363,-0.26719,6.6149,0.5612199999999999,24.686999999999998,0.5653199999999999,0.00097165
7.7432,5.3006,4.0007,2.8085,0.018938,2.0062,1.3352,0.33061999999999997,2.1422,13.512,0.7609,10.763,9.2682,8.985,1.9699,-0.2685,6.6452,0.55945,28.305999999999997,0.5633699999999999,0.00096616
0.83526,0.19448,0.70658,0.5987899999999999,0.091123,0.16102,-0.018318,0.82342,4.4987,-4.4331,1.6831,0.7632899999999999,-2.0961,-2.4455,-0.24479,1.3923,7.5012,0.69233,-14.98,0.5749,0.0011874000000000001
2.2495,1.1945,1.4137,1.0988,0.091123,0.51457,0.23168000000000002,0.82342,4.5096,-1.442,1.6811,2.7633,-0.15378,-0.49481,0.10907,1.3762,7.6619,0.68492,-7.8581,0.5694100000000001,0.0011657
2.2495,1.1945,1.4406,0.93334,0.091123,0.77081,0.20874,0.73887,4.5408,-1.4869,1.6949,2.7633,-0.15378,-0.49481,0.10907,0.9057,8.9198,0.85867,-9.1467,0.80207,0.0015981
3.6637,2.1945,2.1208,1.5988,0.079161,0.8681200000000001,0.48168,0.82342,4.5188,1.5506,1.6794,4.7633,1.7943,1.4609,0.48683000000000004,1.3645,7.7928,0.6785100000000001,-0.70281,0.5643100000000001,0.001147
3.6637,2.1945,2.1477,1.4333,0.081955,1.1244,0.45874,0.73887,4.5506,1.5051,1.693,4.7633,1.7943,1.4609,0.48683000000000004,0.8916799999999999,9.0636,0.8519399999999999,-2.001,0.79673,0.001576
5.0779,3.1945,2.8279,2.0988,0.073913,1.2217,0.73168,0.82342,4.5266,4.5443,1.6778,6.7633,3.7473,3.4210000000000003,0.88849,1.3557,7.9017,0.67295,6.4784,0.55967,0.0011307
5.0779,3.1945,2.8548,1.9523,0.073913,1.3744,0.81671,0.73887,4.6116,4.4406,1.6965,6.7633,3.7473,3.4210000000000003,0.88849,0.43785,10.722999999999999,0.89644,3.8859,0.93505,0.0017082999999999998
5.0779,3.1945,2.8548,1.9523,0.073913,1.3744,0.81671,0.73887,4.6275,4.4256,1.6957,6.7633,3.7473,3.4210000000000003,0.88849,0.35159,11.097000000000001,0.8939,3.5963,0.9480299999999999,0.0017021
5.0779,3.1945,2.8548,1.9523,0.073913,1.3684,0.8654700000000001,0.73887,4.6293,4.4162,1.7032,6.7633,3.7473,3.4210000000000003,0.88849,0.221,11.354000000000001,0.92191,3.4064,1.0134,0.0015185
5.785,3.6945,3.2202,2.1132,0.07144400000000001,1.7238,0.9406200000000001,0.66395,4.6149,5.9714,1.6625,7.7633,4.7254,4.4245,1.0983,1.0467,9.627,0.77295,8.228,0.65604,0.0024423
5.785,3.6945,3.2083,2.2023,0.07144400000000001,1.5511,0.94171,0.73887,4.6258,5.9278,1.6951,7.7633,4.7254,4.4245,1.0983,0.37798000000000004,11.017999999999999,0.8920399999999999,7.2932,0.9408700000000001,0.0016947
5.785,3.6945,3.2083,2.2023,0.07144400000000001,1.5511,0.94171,0.73887,4.6378,5.9168,1.6941,7.7633,4.7254,4.4245,1.0983,0.31935,11.287,0.8884200000000001,7.0867,0.9471200000000001,0.0016844000000000002
6.4921,4.1945,3.535,2.5988,0.06907,1.5752,0.9816799999999999,0.82342,4.5334,7.5389,1.6765,8.7633,5.7045,5.3848,1.3141,1.349,7.9939,0.66808,13.68,0.55545,0.0011164999999999999
6.4921,4.1945,3.5619,2.4523,0.06907,1.7279,1.0667,0.73887,4.6204,7.4336,1.6948,8.7633,5.7045,5.3848,1.3141,0.42561000000000004,10.850999999999999,0.8902399999999999,11.062000000000001,0.92974,0.0016872
6.4921,4.1945,3.5619,2.4523,0.06907,1.7279,1.0667,0.73887,4.6377,7.4174,1.6936,8.7633,5.7045,5.3848,1.3141,0.33488,11.252,0.88671,10.752,0.94221,0.0016778
6.4921,4.1945,3.5619,2.4523,0.06907,1.722,1.1155,0.73887,4.6422,7.4057,1.7008,8.7633,5.7045,5.3848,1.3141,0.19382,11.562999999999999,0.9133700000000001,10.520999999999999,1.0077,0.0014938
7.1992,4.6945,3.9154,2.7023,0.06678400000000001,1.9047,1.1917,0.73887,4.6479,8.9087,1.6921,9.7633,6.6845,6.388999999999999,1.5358,0.30266,11.440999999999999,0.8812200000000001,14.247,0.94126,0.0016602999999999998
-3.1897,-1.9871,-1.8392,-1.2292,-0.060157,-0.8093100000000001,-0.42955,-0.48588000000000003,-2.9742,-2.6662,-1.1108,-4.2367,-2.1628,-2.359,-0.6261800000000001,-0.73822,-5.4783,-0.12365999999999999,-3.3637,-0.3671,-0.00060876
-1.7755,-0.98706,-1.1321,-0.7292,-0.060157,-0.44232,-0.25277,-0.48588000000000003,-2.9507,0.30856999999999996,-1.109,-2.2367,-0.16532,-0.35901,-0.29684,-0.91319,-4.8359,-0.11199,3.3394,-0.30735,-0.00060876
-6.5621,-4.5932,-3.3387,-2.3353,0.007026999999999999,-1.6045,-1.1463,-0.07762899999999999,-0.48823,-13.272,-0.15802,-9.2367,-8.8595,-9.1772,-1.4621,-0.44509,-0.40193,0.2804,-31.983,0.16953,0.0003386
-5.1479,-3.5932,-2.6585,-1.6889,0.0019489000000000002,-1.4096,-0.93675,0.0069223,-0.53538,-10.216000000000001,-0.16665,-7.2367,-6.8862,-7.1923,-1.2046,0.11717000000000001,-2.1119,0.11225,-23.043000000000003,-0.11094000000000001,-0.00048326
-3.7337,-2.5932,-1.9514,-1.1889,-0.0025421999999999997,-1.0501,-0.7313,0.0069223,-0.53414,-7.2015,-0.18219000000000002,-5.2367,-4.909,-5.2052,-0.92314,0.37463,-2.5702,0.047599,-15.501,-0.23001,-0.00023683
-3.7337,-2.5932,-1.9245,-1.3353,-0.0025421999999999997,-0.91085,-0.57306,-0.07762899999999999,-0.48683000000000004,-7.2678,-0.16325,-5.2367,-4.909,-5.2052,-0.92314,-0.30314,-0.69475,0.25459,-17.344,0.10469,0.00026291
-3.0265,-2.0932,-1.5709,-1.1044,-0.004601600000000001,-0.6230399999999999,-0.5846899999999999,-0.07762899999999999,-0.49901,-5.7597,-0.15913,-4.2367,-3.9192,-4.1766,-0.77342,-0.25751,-0.9661700000000001,0.24858000000000002,-13.445,0.093333,-0.00022501
-3.0265,-2.0932,-1.5709,-1.0853,-0.004601600000000001,-0.72659,-0.48623,-0.07762899999999999,-0.46967,-5.797999999999999,-0.15015,-4.2367,-3.9192,-4.1766,-0.77342,-0.6138100000000001,0.10205,0.30437,-14.364,0.24750999999999998,-0.00026739
-2.3194,-1.5932,-1.2174,-0.83535,-0.0065516,-0.56325,-0.2785,-0.07762899999999999,-0.47781,-4.2923,-0.14777,-3.2367,-2.9287,-3.2162,-0.6177199999999999,-0.57217,-0.10528,0.30616,-10.568,0.24039000000000002,-0.00044054
-2.3194,-1.5932,-1.2174,-0.83535,-0.0065516,-0.54386,-0.39628,-0.07762899999999999,-0.45448,-4.3009,-0.1625,-3.2367,-2.9287,-3.2162,-0.6177199999999999,-0.51164,0.12318,0.2646,-10.789000000000001,0.16239,0.0003022
-2.3194,-1.5932,-1.2055,-0.9244600000000001,-0.0065516,-0.37117,-0.38786,-0.15254,-0.43256000000000006,-4.3001,-0.18517,-3.2367,-2.9287,-3.2162,-0.6177199999999999,-0.20867,-0.18235,0.20567,-10.69,-0.019175,0.0021424
-1.6123,-1.0932,-0.86382,-0.60435,-0.0084014,-0.26353000000000004,-0.37924,-0.07762899999999999,-0.49561000000000005,-2.7528,-0.16948,-2.2367,-1.9376,-2.189,-0.45603,-0.09614099999999999,-1.2251,0.21078000000000002,-6.0301,0.0081712,0.00014339
-0.90523,-0.59322,-0.51027,-0.33535,-0.010159,-0.20375,-0.073056,-0.07762899999999999,-0.47246000000000005,-1.2801,-0.16530999999999998,-1.2367,-0.9459,-1.2257,-0.28835,-0.32135,-0.49463999999999997,0.24748,-3.05,0.099482,0.00024672
0.5089899999999999,0.40678000000000003,0.19684000000000001,0.16465,-0.013429,0.15729,0.14828,-0.07762899999999999,-0.4447,1.6729,-0.14611,0.7632899999999999,1.0389,0.76599,0.064965,-0.78437,0.71702,0.31718,3.2437,0.30657,-0.00048615
0.5089899999999999,0.40678000000000003,0.19684000000000001,0.16465,-0.013429,0.15729,0.14828,-0.07762899999999999,-0.43306000000000006,1.6632,-0.14800000000000002,0.7632899999999999,1.0389,0.76599,0.064965,-0.8344299999999999,0.97006,0.31176,3.0439999999999996,0.31034,-0.00043433
1.2161,0.8687799999999999,0.7575,0.19872,0.005862600000000001,0.21381999999999998,0.21119000000000002,-0.1972,-0.53668,3.341,-0.22215,1.7633,2.032,3.641,0.2506,1.3152,-4.5168,-1.777,11.422,-0.94589,-0.0011685999999999999
2.6303,1.8688,1.4646,0.69872,0.0024074,0.56738,0.46119,-0.1972,-0.52778,6.3306,-0.2207,3.7633,4.0193,5.641,0.63985,1.2552,-4.3099,-1.7639,18.525,-0.93558,-0.00096724
2.6303,1.9068,1.2575,0.91465,-0.017804,0.68762,0.51377,-0.07762899999999999,-0.4418,6.1764,-0.15244000000000002,3.7633,4.0193,3.7822,0.63985,-0.68419,0.5556,0.2962,14.26,0.25288,-0.00035115
-1.4492,-1.1994,-0.62239,-0.29506,0.046153,-0.45048999999999995,-0.33026,0.41517,1.9745,-5.8249,0.76583,-2.2367,-3.5411,-3.839,-0.60006,0.69702,2.6889,0.42528,-15.409,0.28524,0.00014434
-0.7420899999999999,-0.73737,-0.034855000000000004,-0.40743,0.06565,-0.24723,-0.13776,0.21105,1.9496,-4.2709,0.7367100000000001,-1.2367,-2.5611,-1.2257,-0.43827,1.5649,0.60401,-1.3645,-10.078,-0.3653,-0.0010363
-0.034982,-0.19937,0.11159000000000001,0.058497,0.040872000000000006,0.06169500000000001,-0.039786,0.33061999999999997,2.077,-2.9334,0.77176,-0.23671,-1.58,-1.8707,-0.2705,-0.11855999999999998,5.5666,0.59838,-10.834000000000001,0.5844600000000001,0.0010823
1.3792,0.8006300000000001,0.8187,0.5585,0.036079,0.40181,0.28344,0.33061999999999997,2.0461,0.10021000000000001,0.7690899999999999,1.7633,0.3855,0.1012,0.08299400000000001,0.15074,4.6269,0.58036,-2.8313,0.50822,0.0010171
1.3792,0.8006300000000001,0.8187,0.5585,0.036079,0.41525,0.21020999999999998,0.33061999999999997,2.0738,0.071148,0.77045,1.7633,0.3855,0.1012,0.08299400000000001,-0.057175,5.3934,0.59313,-3.4511,0.5657800000000001,0.0010626
1.3792,0.8006300000000001,0.8187,0.5585,0.036079,0.41525,0.21020999999999998,0.33061999999999997,2.0886,0.057034,0.76981,1.7633,0.3855,0.1012,0.08299400000000001,-0.14107999999999998,5.7482,0.59138,-3.7273,0.57991,0.0010608
2.7934,1.8006,1.5258,1.0585,0.031702999999999995,0.74941,0.57799,0.33061999999999997,2.0387,3.0816,0.79509,3.7633,2.3546,2.0762,0.46042,-0.17218,5.0805,0.66867,4.0913,0.70126,0.00033446
2.7934,1.8006,1.5258,1.0585,0.031702999999999995,0.76285,0.5047699999999999,0.33061999999999997,2.0817,3.0529,0.78077,3.7633,2.3546,2.0762,0.46042,-0.24936999999999998,5.8277,0.63026,3.4826,0.65932,0.00068926
2.7934,1.8006,1.5258,1.0585,0.031702999999999995,0.7688,0.46021000000000006,0.33061999999999997,2.0980000000000003,3.0493,0.7681100000000001,3.7633,2.3546,2.0762,0.46042,-0.15685,5.8908,0.58539,3.4193,0.57538,0.0010424000000000002
3.5006,2.3006,1.8794,1.3085,0.029654000000000003,0.94558,0.57571,0.33061999999999997,2.0731,4.574,0.76835,4.7633,3.3404,3.0398,0.6581,0.0079172,5.2414,0.58401,7.5601,0.54143,0.0010314
3.5006,2.3006,1.8794,1.3085,0.029654000000000003,0.93963,0.62027,0.33061999999999997,2.0752,4.5604,0.77989,4.7633,3.3404,3.0398,0.6581,-0.1826,5.6067,0.62575,7.2918,0.63884,0.00067914
3.5006,2.3006,1.8794,1.3085,0.029654000000000003,0.94558,0.58521,0.33061999999999997,2.1075,4.5411,0.76685,4.7633,3.3404,3.0398,0.6581,-0.18778,6.0676,0.5808300000000001,6.9154,0.5754600000000001,0.0010294
